mdl/angel_city/box_small_01.rmdl
mdl/angel_city/box_small_02.rmdl
mdl/angel_city/keypad_01.rmdl
mdl/angel_city/sign_cleaning_wetfloor_01.rmdl
mdl/barriers/barrier_hammond_wall/barrier_hammond_wall_corner_01.rmdl
mdl/barriers/barrier_hammond_wall/barrier_hammond_wall_corner_02.rmdl
mdl/barriers/barrier_hammond_wall/barrier_hammond_wall_endcap_01.rmdl
mdl/barriers/barrier_hammond_wall/barrier_hammond_wall_straight_01.rmdl
mdl/barriers/barrier_hammond_wall/barrier_hammond_wall_straight_02.rmdl
mdl/barriers/barrier_hammond_wall/barrier_hammond_wall_window_01.rmdl
mdl/barriers/road_barrier_01.rmdl
mdl/barriers/road_barrier_02.rmdl
mdl/barriers/road_barrier_03.rmdl
mdl/beacon/beacon_big_screen_01.rmdl
mdl/beacon/beacon_construction_flag_large_animated.rmdl
mdl/beacon/beacon_crane_wall_panel_256x256_01.rmdl
mdl/beacon/beacon_crane_wall_panel_corner_256_01.rmdl
mdl/beacon/beacon_crane_wall_panel_corner_512_01.rmdl
mdl/beacon/beacon_server_half_stand_01.rmdl
mdl/beacon/beacon_server_single_01.rmdl
mdl/beacon/beacon_server_wall_mount_01.rmdl
mdl/beacon/beacon_small_screen_03_a.rmdl
mdl/beacon/beacon_small_screen_03_b.rmdl
mdl/beacon/beacon_small_screen_03_c.rmdl
mdl/beacon/beacon_small_screen_03_combined.rmdl
mdl/beacon/beacon_small_screen_03_d.rmdl
mdl/beacon/beacon_wire_cluster_01.rmdl
mdl/beacon/beacon_wire_cluster_02.rmdl
mdl/beacon/beacon_wire_cluster_03.rmdl
mdl/beacon/beacon_wire_cluster_04.rmdl
mdl/beacon/beacon_wire_cluster_06.rmdl
mdl/beacon/beacon_wire_cluster_07.rmdl
mdl/beacon/beacon_wire_cluster_08.rmdl
mdl/beacon/beacon_wire_ground_coils_02.rmdl
mdl/beacon/beacon_wire_ground_coils_03.rmdl
mdl/beacon/beacon_wire_ground_coils_04.rmdl
mdl/beacon/charge_doorconsole_01.rmdl
mdl/beacon/charge_generator_02.rmdl
mdl/beacon/construction_light_large_01.rmdl
mdl/beacon/construction_light_large_02.rmdl
mdl/beacon/construction_plastic_mat_black_01.rmdl
mdl/beacon/construction_plastic_mat_white_01.rmdl
mdl/beacon/construction_scaff_128_32.rmdl
mdl/beacon/construction_scaff_128_64_128_02.rmdl
mdl/beacon/construction_scaff_128_64_64.rmdl
mdl/beacon/exposed_conduit_01_nofx.rmdl
mdl/beacon/generator_fan_house_cap_01.rmdl
mdl/beacon/kodai_fb_hose_02.rmdl
mdl/beacon/kodai_wall_set_01_32.rmdl
mdl/beacon/mendoko_wire_cluster_01.rmdl
mdl/beacon/mendoko_wire_cluster_02.rmdl
mdl/beacon/mendoko_wire_cluster_03.rmdl
mdl/beacon/mendoko_wire_cluster_04.rmdl
mdl/beacon/mendoko_wire_cluster_07.rmdl
mdl/beacon/mendoko_wire_cluster_08_l.rmdl
mdl/beacon/mendoko_wire_cluster_08.rmdl
mdl/beacon/mendoko_wire_ground_coils_02.rmdl
mdl/beacon/mendoko_wires_ground_coils_01.rmdl
mdl/beacon/metal_support_frame_01.rmdl
mdl/beacon/modular_hose_yellow_128_01.rmdl
mdl/beacon/modular_hose_yellow_128_02.rmdl
mdl/beacon/modular_hose_yellow_128_bend_01.rmdl
mdl/beacon/modular_hose_yellow_32_01.rmdl
mdl/blockmesh/blockmesh_terrain_mp_rr_divided_moon_zone_09.rmdl
mdl/boomtown/btown_whouse_prop_rack_arm_01.rmdl
mdl/boomtown/btown_whouse_prop_rack_arm_02.rmdl
mdl/canyonlands/canyonlands_caustic_tt_container_01_oil.rmdl
mdl/canyonlands/canyonlands_ccents_decals_03.rmdl
mdl/canyonlands/canyonlands_cctent_ext_frontramp_01.rmdl
mdl/canyonlands/canyonlands_river_rock_02.rmdl
mdl/canyonlands/canyonlands_river_rock_03.rmdl
mdl/canyonlands/canyonlands_zone_sign_01.rmdl
mdl/canyonlands/canyonlands_zone_sign_03b.rmdl
mdl/canyonlands/caustic_tt_building_exterior_light_01.rmdl
mdl/canyonlands/concrete_broken_chunk_01.rmdl
mdl/canyonlands/crypto_tt_fluorescent_fixture_01.rmdl
mdl/canyonlands/crypto_tt_fluorescent_fixture_02.rmdl
mdl/canyonlands/crypto_tt_fluorescent_fixture_base_01.rmdl
mdl/canyonlands/fortified_camp_tank_container_01.rmdl
mdl/canyonlands/fortified_camp_tank_container_cover_01.rmdl
mdl/city_modern/citymodern_interior_planter_01b.rmdl
mdl/city_modern/citymodern_light_on_01.rmdl
mdl/cockpit/fire_extinguisher_small.rmdl
mdl/cockpit/mounted_ceiling_server_01.rmdl
mdl/colony/antenna_01_colony_arm.rmdl
mdl/colony/antenna_01_colony_pole.rmdl
mdl/colony/box_cardboard_flat_01.rmdl
mdl/colony/dirty_plate_pile_02.rmdl
mdl/colony/farmland_crate_md_80x64x72_01.rmdl
mdl/colony/farmland_crate_md_80x64x72_02.rmdl
mdl/colony/farmland_crate_md_80x64x72_03.rmdl
mdl/colony/farmland_crate_plastic_01_red.rmdl
mdl/colony/farmland_crate_plastic_01.rmdl
mdl/colony/farmland_crate_plastic_yellow_01.rmdl
mdl/colony/farmland_house_frame_01_064.rmdl
mdl/colony/farmland_house_frame_01_096.rmdl
mdl/colony/farmland_house_frame_01_128.rmdl
mdl/colony/farmland_house_frame_90bend_sm_01.rmdl
mdl/colony/farmland_house_support_01.rmdl
mdl/colony/solar_panel_angled_01.rmdl
mdl/colony/ventilation_unit_01b_black.rmdl
mdl/containers/box_med_cardboard_01.rmdl
mdl/containers/box_med_cardboard_02.rmdl
mdl/containers/box_med_cardboard_03.rmdl
mdl/containers/box_metal.rmdl
mdl/containers/box_mini_cardboard.rmdl
mdl/containers/can_blue_horizontal.rmdl
mdl/containers/can_red_horizontal.rmdl
mdl/containers/container_medium_tanks_blue.rmdl
mdl/containers/escape_pod_cargo_box_01.rmdl
mdl/containers/pelican_case_large_drabGreen.rmdl
mdl/containers/pelican_case_large.rmdl
mdl/containers/plastic_pallet_01.rmdl
mdl/containers/plastic_pallet_02.rmdl
mdl/containers/slumcity_oxygen_canister_01_a.rmdl
mdl/containers/slumcity_oxygen_tank_blue.rmdl
mdl/containers/slumcity_oxygen_tank_red.rmdl
mdl/containers/underbelly_cargo_container_128_blue_01.rmdl
mdl/containers/underbelly_cargo_container_128_green_01.rmdl
mdl/containers/underbelly_cargo_container_128_grey_02.rmdl
mdl/containers/underbelly_cargo_container_128_red_02.rmdl
mdl/containers/underbelly_cargo_container_256_blue_01.rmdl
mdl/containers/underbelly_cargo_container_256_green_01.rmdl
mdl/coral/coral_round_cluster_02.rmdl
mdl/crashsite/crashsite_ship_metal_panel_01.rmdl
mdl/crashsite/crashsite_ship_metal_panel_02.rmdl
mdl/crashsite/crashsite_ship_metal_panel_03.rmdl
mdl/decals/grime_dirty_decal_01_128.rmdl
mdl/decals/grime_dirty_decal_01_256.rmdl
mdl/decals/grime_dirty_decal_02_128.rmdl
mdl/decals/grime_dirty_floor_decal_01.rmdl
mdl/decals/grime_dirty_floor_decal_02.rmdl
mdl/decals/grime_dirty_floor_decal_03.rmdl
mdl/decals/grime_dirty_floor_decal_04.rmdl
mdl/decals/puddle_floor_decal_flat_01.rmdl
mdl/decals/puddle_floor_decal_flat_02.rmdl
mdl/decals/puddle_floor_decal_flat_03.rmdl
mdl/decals/puddle_floor_decal_flat_04.rmdl
mdl/desertlands/construction_bldg_wood_board_01.rmdl
mdl/desertlands/desertlands_apartments_planter_02.rmdl
mdl/desertlands/desertlands_ceiling_vent_01.rmdl
mdl/desertlands/desertlands_lobby_light_01.rmdl
mdl/desertlands/desertlands_mu3_gondola_platform_decals.rmdl
mdl/desertlands/desertlands_plantroom_rack_01_no_lights.rmdl
mdl/desertlands/desertlands_portable_int_floor_108x128_01.rmdl
mdl/desertlands/desertlands_portable_int_floor_108x256_01.rmdl
mdl/desertlands/desertlands_skidmarks_curve_45_decal.rmdl
mdl/desertlands/desertlands_skidmarks_curve_90_decal.rmdl
mdl/desertlands/desertlands_skidmarks_straight_decal.rmdl
mdl/desertlands/desertlands_storyevent_firepit_01.rmdl
mdl/desertlands/desertlands_vending_machine_01.rmdl
mdl/desertlands/indust_struct_gondola_platform_support_01.rmdl
mdl/desertlands/industrial_cargo_container_small_01_open.rmdl
mdl/desertlands/industrial_cargo_container_small_01.rmdl
mdl/desertlands/industrial_crane_suspended_pylon_01.rmdl
mdl/desertlands/industrial_crane_yellow_02_a.rmdl
mdl/desertlands/industrial_crane_yellow_03_b.rmdl
mdl/desertlands/industrial_crane_yellow_03_c.rmdl
mdl/desertlands/industrial_crane_yellow_donut_01.rmdl
mdl/desertlands/industrial_metal_arm_support_01.rmdl
mdl/desertlands/industrial_metal_frame_256x144_01.rmdl
mdl/desertlands/industrial_metal_frame_256x144_02.rmdl
mdl/desertlands/industrial_metal_frame_wall_128x144_05.rmdl
mdl/desertlands/industrial_metal_frame_wall_256x144_06.rmdl
mdl/desertlands/industrial_support_beam_16x144_vertical_corner.rmdl
mdl/desertlands/industrial_support_beam_16x144_vertical.rmdl
mdl/desertlands/industrial_support_beam_8x144_filler.rmdl
mdl/desertlands/industrial_window_frame_128x80x16.rmdl
mdl/desertlands/railing_metal_dirty_64_panel_01.rmdl
mdl/desertlands/rampart_tt_koala_kola_01.rmdl
mdl/desertlands/research_station_bench_01.rmdl
mdl/desertlands/road_plate_metal_128_single_01.rmdl
mdl/desertlands/rocket_engine_small.rmdl
mdl/dev/editor_ambient_generic_node.rmdl
mdl/divided_moon/assembly_building_catwalk_ext_01.rmdl
mdl/divided_moon/assembly_building_crane_ext_01.rmdl
mdl/divided_moon/assembly_building_decals_01.rmdl
mdl/divided_moon/assembly_building_midfloor_ext_01.rmdl
mdl/divided_moon/assembly_building_topfloor_ext_01.rmdl
mdl/divided_moon/atmos_factory_pipe_connector_01.rmdl
mdl/divided_moon/atmos_factory_platform_modular_wall_01_decal.rmdl
mdl/divided_moon/atmos_factory_platform_modular_wall_01.rmdl
mdl/divided_moon/atmos_factory_platform_modular_wall_02_decal.rmdl
mdl/divided_moon/atmos_factory_platform_modular_wall_02.rmdl
mdl/divided_moon/atmos_factory_platform_modular_wall_03_decal.rmdl
mdl/divided_moon/atmos_factory_platform_modular_wall_04.rmdl
mdl/divided_moon/atmos_factory_platform_modular_wall_05.rmdl
mdl/divided_moon/atmos_factory_platform_modular_wall_06.rmdl
mdl/divided_moon/atmos_factory_silo_01.rmdl
mdl/divided_moon/atmos_factory_silo_fix_01.rmdl
mdl/divided_moon/atmos_silo_attachment_01.rmdl
mdl/divided_moon/atmos_silo_ramp_01.rmdl
mdl/divided_moon/atmosesphere_factory_decal_01.rmdl
mdl/divided_moon/atmosesphere_factory_platform_01.rmdl
mdl/divided_moon/atmosesphere_factory_silo_02_decal.rmdl
mdl/divided_moon/atmosesphere_factory_silo_03.rmdl
mdl/divided_moon/atmosesphere_factory_silo_04.rmdl
mdl/divided_moon/atmosesphere_factory_silo_05.rmdl
mdl/divided_moon/atmosesphere_factory_silo_water.rmdl
mdl/divided_moon/atmosphere_building_railing_02.rmdl
mdl/divided_moon/atmosphere_building_railing_03.rmdl
mdl/divided_moon/atmosphere_factory_bottom_platfrom_01_decal.rmdl
mdl/divided_moon/atmosphere_factory_bottom_platfrom_01_stairs.rmdl
mdl/divided_moon/atmosphere_factory_bottom_platfrom_01.rmdl
mdl/divided_moon/atmosphere_factory_building_bottom_01_decals_a.rmdl
mdl/divided_moon/atmosphere_factory_building_bottom_01_decals.rmdl
mdl/divided_moon/atmosphere_factory_building_bottom_01.rmdl
mdl/divided_moon/atmosphere_factory_building_interior_decal_01.rmdl
mdl/divided_moon/atmosphere_factory_building_interior_decal_02.rmdl
mdl/divided_moon/atmosphere_factory_building_pipe_cover_01.rmdl
mdl/divided_moon/atmosphere_factory_building_support_01.rmdl
mdl/divided_moon/bed_single_01.rmdl
mdl/divided_moon/bionomics_bldg_courtyard_pipe.rmdl
mdl/divided_moon/bionomics_bldg_large_central_01.rmdl
mdl/divided_moon/bionomics_bldg_large_central_decals.rmdl
mdl/divided_moon/bionomics_bldg_large_central_innerwalls_01.rmdl
mdl/divided_moon/bionomics_bldg_large_courtyard_01.rmdl
mdl/divided_moon/bionomics_bldg_large_decals_01.rmdl
mdl/divided_moon/bionomics_bldg_large_decals_02.rmdl
mdl/divided_moon/bionomics_bldg_large_entrance_01.rmdl
mdl/divided_moon/bionomics_bldg_large_exterior_01.rmdl
mdl/divided_moon/bionomics_bldg_large_exterior_02_halfwall_01.rmdl
mdl/divided_moon/bionomics_bldg_large_exterior_02_halfwall_02.rmdl
mdl/divided_moon/bionomics_bldg_large_exterior_02_roofTarp_01.rmdl
mdl/divided_moon/bionomics_bldg_large_exterior_02_roofTarp_02.rmdl
mdl/divided_moon/bionomics_bldg_large_exterior_02_support_01.rmdl
mdl/divided_moon/bionomics_bldg_large_exterior_02.rmdl
mdl/divided_moon/bionomics_bldg_large_interior_lifts_01.rmdl
mdl/divided_moon/bionomics_bldg_large_interior_lowerFloor_01.rmdl
mdl/divided_moon/bionomics_bldg_large_interior_supports.rmdl
mdl/divided_moon/bionomics_bldg_large_outerWalls_01.rmdl
mdl/divided_moon/bionomics_bldg_large_outerWalls_02.rmdl
mdl/divided_moon/bionomics_bldg_large_outerWalls_03.rmdl
mdl/divided_moon/bionomics_bldg_large_roof_01.rmdl
mdl/divided_moon/bionomics_bldg_large_roofCovers_01.rmdl
mdl/divided_moon/bionomics_bldg_small_exterior_01_decals.rmdl
mdl/divided_moon/bionomics_bldg_small_exterior_01.rmdl
mdl/divided_moon/bionomics_bldg_small_exterior_door.rmdl
mdl/divided_moon/bionomics_bldg_small_exterior_wall.rmdl
mdl/divided_moon/bionomics_bldg_small_interior_lowerFloor_01.rmdl
mdl/divided_moon/bionomics_bldg_window_01.rmdl
mdl/divided_moon/bionomics_bldg_window_02.rmdl
mdl/divided_moon/bionomics_bldg_window_03.rmdl
mdl/divided_moon/bionomics_bridge_flat.rmdl
mdl/divided_moon/bionomics_bridge_large_01a.rmdl
mdl/divided_moon/bionomics_bridge_large_02a.rmdl
mdl/divided_moon/bionomics_bridge_large_02b.rmdl
mdl/divided_moon/bionomics_bridge_large_03a.rmdl
mdl/divided_moon/bionomics_bridge_large_03b.rmdl
mdl/divided_moon/bionomics_bridge_lrg_wide_01a.rmdl
mdl/divided_moon/bionomics_bridge_medium_01a.rmdl
mdl/divided_moon/bionomics_bridge_small_01a.rmdl
mdl/divided_moon/bionomics_bridge_small_01b.rmdl
mdl/divided_moon/bionomics_bridge_stair_01a.rmdl
mdl/divided_moon/bionomics_bridge_stair_wide_01a.rmdl
mdl/divided_moon/bionomics_chimney_01.rmdl
mdl/divided_moon/bionomics_hydroponics_foliage_01.rmdl
mdl/divided_moon/bionomics_hydroponics_foliage_02.rmdl
mdl/divided_moon/bionomics_hydroponics_foliage_03.rmdl
mdl/divided_moon/bionomics_hydroponics_foliage_04.rmdl
mdl/divided_moon/bionomics_hydroponics_foliage_05.rmdl
mdl/divided_moon/bionomics_hydroponics_foliage_06.rmdl
mdl/divided_moon/bionomics_hydroponics_light_01.rmdl
mdl/divided_moon/bionomics_hydroponics_sprinkler_01.rmdl
mdl/divided_moon/bionomics_hydroponics_sprinkler_02.rmdl
mdl/divided_moon/bionomics_hydroponics_vertical_planter_01.rmdl
mdl/divided_moon/bionomics_hydroponics_wall_01.rmdl
mdl/divided_moon/bionomics_hydroponics_wall_02.rmdl
mdl/divided_moon/bionomics_hydroponics_wall_03.rmdl
mdl/divided_moon/bionomics_hydroponics_wall_console.rmdl
mdl/divided_moon/bionomics_platform_01.rmdl
mdl/divided_moon/bionomics_platform_01a.rmdl
mdl/divided_moon/bionomics_platform_01b.rmdl
mdl/divided_moon/bionomics_platform_01c.rmdl
mdl/divided_moon/bionomics_platform_02.rmdl
mdl/divided_moon/bionomics_platform_02a.rmdl
mdl/divided_moon/bionomics_platform_02b.rmdl
mdl/divided_moon/bionomics_platform_02c.rmdl
mdl/divided_moon/bionomics_platform_02d.rmdl
mdl/divided_moon/bionomics_platform_02e.rmdl
mdl/divided_moon/bionomics_platform_03.rmdl
mdl/divided_moon/bionomics_platform_03a.rmdl
mdl/divided_moon/bionomics_platform_bridge_01.rmdl
mdl/divided_moon/bionomics_platform_bridge_02.rmdl
mdl/divided_moon/bionomics_platform_bridge_03.rmdl
mdl/divided_moon/bionomics_platform_corner_01.rmdl
mdl/divided_moon/bionomics_platform_floormat.rmdl
mdl/divided_moon/bionomics_platform_ramp_01.rmdl
mdl/divided_moon/bionomics_platform_ramp_02.rmdl
mdl/divided_moon/bionomics_sensor_01.rmdl
mdl/divided_moon/bionomics_sensor_02.rmdl
mdl/divided_moon/bionomics_sensor_03.rmdl
mdl/divided_moon/bionomics_watertank_01.rmdl
mdl/divided_moon/bionomics/bionomics_silo_01/bionomics_silo_01.rmdl
mdl/divided_moon/bionomics/divided_cultivation_fog_collector/divided_cultivation_fog_collector_01.rmdl
mdl/divided_moon/bionomics/divided_cultivation_fog_collector/divided_cultivation_fog_collector_fence_01.rmdl
mdl/divided_moon/bionomics/divided_cultivation_fog_collector/divided_cultivation_fog_collector_fence_post_01.rmdl
mdl/divided_moon/breaker_warf_platform_03.rmdl
mdl/divided_moon/breaker_warf_platform_04.rmdl
mdl/divided_moon/breakers_wharf_modular_wall_01.rmdl
mdl/divided_moon/breakers_wharf_modular_wall_02.rmdl
mdl/divided_moon/breakers_wharf_modular_wall_03.rmdl
mdl/divided_moon/bridge_lg_01_decal.rmdl
mdl/divided_moon/bridge_lg_02_connector_deck_01.rmdl
mdl/divided_moon/bridge_lg_02_end_deck_01.rmdl
mdl/divided_moon/bridge_lg_02_main_deck_01.rmdl
mdl/divided_moon/bridge_lg_02_railing_corner_01.rmdl
mdl/divided_moon/bridge_lg_02_railing_end_01.rmdl
mdl/divided_moon/bridge_lg_02_railing_long_01.rmdl
mdl/divided_moon/bridge_lg_02_railing_short_01.rmdl
mdl/divided_moon/bridge_lg_02_ramp_01_railing_01.rmdl
mdl/divided_moon/bridge_lg_02_ramp_01.rmdl
mdl/divided_moon/bridge_lg_02_side_arm_01.rmdl
mdl/divided_moon/bridge_lg_02_support_01_anchor_01.rmdl
mdl/divided_moon/bridge_lg_02_vertical_arm_01.rmdl
mdl/divided_moon/bridge_lg_02_wall_divider_01.rmdl
mdl/divided_moon/bridge_lg_02_window_01.rmdl
mdl/divided_moon/bridge_lg_base_01.rmdl
mdl/divided_moon/common/divided_bench_01/divided_bench_01.rmdl
mdl/divided_moon/common/divided_guard_rail_01/divided_guard_rail_01.rmdl
mdl/divided_moon/common/lunar_garbage_bin_lrg_01/lunar_garbage_bin_lrg_01.rmdl
mdl/divided_moon/common/lunar_garbage_bin_sml_01/lunar_garbage_bin_sml_01.rmdl
mdl/divided_moon/common/lunar_satelite_array_01/lunar_satelite_array_01.rmdl
mdl/divided_moon/common/maintenance_cart_01/Maintenance_cart_01.rmdl
mdl/divided_moon/common/porta_potty_01/porta_potty_01.rmdl
mdl/divided_moon/common/porta_potty_01/porta_potty_collapsed_01.rmdl
mdl/divided_moon/common/sign_lunar_billboard_01/sign_graffiti_lh_01.rmdl
mdl/divided_moon/common/sign_lunar_billboard_01/sign_graffiti_lh_02.rmdl
mdl/divided_moon/common/sign_lunar_billboard_01/sign_graffiti_lh_03.rmdl
mdl/divided_moon/common/sign_lunar_billboard_01/sign_graffiti_lh_04.rmdl
mdl/divided_moon/common/sign_lunar_billboard_01/sign_lunar_billboard_01.rmdl
mdl/divided_moon/cultivation_tarp_silo_01_decals.rmdl
mdl/divided_moon/cultivation_tarp_silo_01.rmdl
mdl/divided_moon/desk_modular.rmdl
mdl/divided_moon/divide_moon_terraformer_01_archway.rmdl
mdl/divided_moon/divide_moon_terraformer_01_bigjoint_01.rmdl
mdl/divided_moon/divide_moon_terraformer_01_centralbuilding_01_int_water_01.rmdl
mdl/divided_moon/divide_moon_terraformer_01_centralbuilding_ceiling_opening_01.rmdl
mdl/divided_moon/divide_moon_terraformer_01_centralbuilding_center_floor_01.rmdl
mdl/divided_moon/divide_moon_terraformer_01_centralbuildingbase_01_barwindow.rmdl
mdl/divided_moon/divide_moon_terraformer_01_centralbuildingbase_01_bigdoor.rmdl
mdl/divided_moon/divide_moon_terraformer_01_centralbuildingbase_01_bigwindow.rmdl
mdl/divided_moon/divide_moon_terraformer_01_centralbuildingbase_01_decals.rmdl
mdl/divided_moon/divide_moon_terraformer_01_centralbuildingbase_01_smalldoor.rmdl
mdl/divided_moon/divide_moon_terraformer_01_centralbuildingbase_01_smallwindow.rmdl
mdl/divided_moon/divide_moon_terraformer_01_centralbuildingbase_01.rmdl
mdl/divided_moon/divide_moon_terraformer_01_centralfoundation_01_bottom_decals.rmdl
mdl/divided_moon/divide_moon_terraformer_01_centralfoundation_01_bottom.rmdl
mdl/divided_moon/divide_moon_terraformer_01_centralfoundation_01_decals.rmdl
mdl/divided_moon/divide_moon_terraformer_01_centralfoundation_01_ramp_decals.rmdl
mdl/divided_moon/divide_moon_terraformer_01_centralfoundation_01_ramp.rmdl
mdl/divided_moon/divide_moon_terraformer_01_centralfoundation_01.rmdl
mdl/divided_moon/divide_moon_terraformer_01_centralpillar_01.rmdl
mdl/divided_moon/divide_moon_terraformer_01_centralpipes_01_decals.rmdl
mdl/divided_moon/divide_moon_terraformer_01_centralpipes_01.rmdl
mdl/divided_moon/divide_moon_terraformer_01_fanblade_01_decals.rmdl
mdl/divided_moon/divide_moon_terraformer_01_fanblade_01.rmdl
mdl/divided_moon/divide_moon_terraformer_01_fanbladesupport_01.rmdl
mdl/divided_moon/divide_moon_terraformer_01_int_1stFloor_Doorway_01.rmdl
mdl/divided_moon/divide_moon_terraformer_01_int_1stFloor_Window_01.rmdl
mdl/divided_moon/divide_moon_terraformer_01_int_2ndFloor_Doorway_01.rmdl
mdl/divided_moon/divide_moon_terraformer_01_int_2ndFloor_Window_01.rmdl
mdl/divided_moon/divide_moon_terraformer_01_int_2ndFloorSupport_01.rmdl
mdl/divided_moon/divide_moon_terraformer_01_int_2ndFloorSupport_02.rmdl
mdl/divided_moon/divide_moon_terraformer_01_int_central_pipes_01.rmdl
mdl/divided_moon/divide_moon_terraformer_01_int_console_01.rmdl
mdl/divided_moon/divide_moon_terraformer_01_int_Door_Curved_Sliding.rmdl
mdl/divided_moon/divide_moon_terraformer_01_int_floorpanel_01.rmdl
mdl/divided_moon/divide_moon_terraformer_01_int_pillar_01.rmdl
mdl/divided_moon/divide_moon_terraformer_01_int_pipes_circular_01.rmdl
mdl/divided_moon/divide_moon_terraformer_01_int_pipes_circular_02.rmdl
mdl/divided_moon/divide_moon_terraformer_01_int_railing_01.rmdl
mdl/divided_moon/divide_moon_terraformer_01_int_railing_02.rmdl
mdl/divided_moon/divide_moon_terraformer_01_int_ring_01.rmdl
mdl/divided_moon/divide_moon_terraformer_01_int_stairs_curved.rmdl
mdl/divided_moon/divide_moon_terraformer_01_int_Support_Bar_01.rmdl
mdl/divided_moon/divide_moon_terraformer_01_int_wall_curved_01.rmdl
mdl/divided_moon/divide_moon_terraformer_01_int_wall_curved_02.rmdl
mdl/divided_moon/divide_moon_terraformer_01_int_wall_curved_03.rmdl
mdl/divided_moon/divide_moon_terraformer_01_int_Wall_Support_01.rmdl
mdl/divided_moon/divide_moon_terraformer_01_int_window_ground_01.rmdl
mdl/divided_moon/divide_moon_terraformer_01_locker.rmdl
mdl/divided_moon/divide_moon_terraformer_01_number01_01.rmdl
mdl/divided_moon/divide_moon_terraformer_01_number02_01.rmdl
mdl/divided_moon/divide_moon_terraformer_01_pipe_01.rmdl
mdl/divided_moon/divide_moon_terraformer_01_pipe_02.rmdl
mdl/divided_moon/divide_moon_terraformer_01_pipe_03.rmdl
mdl/divided_moon/divide_moon_terraformer_01_projector_01.rmdl
mdl/divided_moon/divide_moon_terraformer_01_roundwindow_01.rmdl
mdl/divided_moon/divide_moon_terraformer_01_subbuilding_01_bottomplatform_01_decals.rmdl
mdl/divided_moon/divide_moon_terraformer_01_subbuilding_01_bottomplatform_01.rmdl
mdl/divided_moon/divide_moon_terraformer_01_subbuilding_01_cover_01_decals.rmdl
mdl/divided_moon/divide_moon_terraformer_01_subbuilding_01_cover_01.rmdl
mdl/divided_moon/divide_moon_terraformer_01_subbuilding_01_cover_clampsupports_01.rmdl
mdl/divided_moon/divide_moon_terraformer_01_subbuilding_01_cover_leg_01.rmdl
mdl/divided_moon/divide_moon_terraformer_01_subbuilding_01_cover_pivotarm_01.rmdl
mdl/divided_moon/divide_moon_terraformer_01_subbuilding_01_cover_pivotbase_01.rmdl
mdl/divided_moon/divide_moon_terraformer_01_subbuilding_01_doorframe_01.rmdl
mdl/divided_moon/divide_moon_terraformer_01_subbuilding_01_lowerplatform_01_decals.rmdl
mdl/divided_moon/divide_moon_terraformer_01_subbuilding_01_lowerplatform_01.rmdl
mdl/divided_moon/divide_moon_terraformer_01_subbuilding_01_lowersideplatform_01_decals.rmdl
mdl/divided_moon/divide_moon_terraformer_01_subbuilding_01_lowersideplatform_01.rmdl
mdl/divided_moon/divide_moon_terraformer_01_subbuilding_01_ramp_01_decals.rmdl
mdl/divided_moon/divide_moon_terraformer_01_subbuilding_01_ramp_01.rmdl
mdl/divided_moon/divide_moon_terraformer_01_subbuilding_01_ramp_02.rmdl
mdl/divided_moon/divide_moon_terraformer_01_subbuilding_01_upperplatform_01_decals_atmospherics.rmdl
mdl/divided_moon/divide_moon_terraformer_01_subbuilding_01_upperplatform_01_decals_geophysics.rmdl
mdl/divided_moon/divide_moon_terraformer_01_subbuilding_01_upperplatform_01_decals_terraformation.rmdl
mdl/divided_moon/divide_moon_terraformer_01_subbuilding_01_upperplatform_01_decals.rmdl
mdl/divided_moon/divide_moon_terraformer_01_subbuilding_01_upperplatform_01.rmdl
mdl/divided_moon/divide_moon_terraformer_01_subbuilding_flat_01_decals.rmdl
mdl/divided_moon/divide_moon_terraformer_01_subbuilding_flat_01.rmdl
mdl/divided_moon/divide_moon_terraformer_01_subbuilding_short_01_decals.rmdl
mdl/divided_moon/divide_moon_terraformer_01_subbuilding_short_01.rmdl
mdl/divided_moon/divide_moon_terraformer_01_subbuilding_tall_01_decals.rmdl
mdl/divided_moon/divide_moon_terraformer_01_subbuilding_tall_01.rmdl
mdl/divided_moon/divide_moon_terraformer_01_wall_01_decals.rmdl
mdl/divided_moon/divide_moon_terraformer_01_wall_01.rmdl
mdl/divided_moon/divide_moon_terraformer_01_wall_02_decals.rmdl
mdl/divided_moon/divided_apex_cat_picture_01.rmdl
mdl/divided_moon/divided_cultivation_fence_shutter_01.rmdl
mdl/divided_moon/divided_door_single_entrance_01.rmdl
mdl/divided_moon/divided_fireplace_01.rmdl
mdl/divided_moon/divided_fortified_camp_bottom_01.rmdl
mdl/divided_moon/divided_fortified_camp_building_brace_01.rmdl
mdl/divided_moon/divided_fortified_camp_building_panel_01.rmdl
mdl/divided_moon/divided_fortified_camp_building_panel_02.rmdl
mdl/divided_moon/divided_fortified_camp_building_panel_03.rmdl
mdl/divided_moon/divided_fortified_camp_building_panel_03M.rmdl
mdl/divided_moon/divided_fortified_camp_building_panel_04.rmdl
mdl/divided_moon/divided_fortified_camp_building_panel_05.rmdl
mdl/divided_moon/divided_fortified_camp_building_panel_06.rmdl
mdl/divided_moon/divided_fortified_camp_building_panel_07.rmdl
mdl/divided_moon/divided_fortified_camp_building_panel_08.rmdl
mdl/divided_moon/divided_fortified_camp_building_panel_09.rmdl
mdl/divided_moon/divided_fortified_camp_building_panel_10.rmdl
mdl/divided_moon/divided_fortified_camp_building_pillar_01.rmdl
mdl/divided_moon/divided_fortified_camp_pillar_01.rmdl
mdl/divided_moon/divided_fortified_camp_pillar_02.rmdl
mdl/divided_moon/divided_fortified_camp_pillar_03.rmdl
mdl/divided_moon/divided_fortified_camp_pillar_04.rmdl
mdl/divided_moon/divided_fortified_camp_support_01.rmdl
mdl/divided_moon/divided_fortified_foundry_clamp_01.rmdl
mdl/divided_moon/divided_fortified_foundry_clamp_02.rmdl
mdl/divided_moon/divided_fortified_foundry_pillar_01.rmdl
mdl/divided_moon/divided_fortified_foundry_support_01.rmdl
mdl/divided_moon/divided_gate_base_01.rmdl
mdl/divided_moon/divided_gate_base_02.rmdl
mdl/divided_moon/divided_gate_ceiling_frame_320_01.rmdl
mdl/divided_moon/divided_gate_hydraulic.rmdl
mdl/divided_moon/divided_gate_pillar_01.rmdl
mdl/divided_moon/divided_gate_support_01.rmdl
mdl/divided_moon/divided_gate_wall_support_320_01.rmdl
mdl/divided_moon/divided_industrial_building_large_01a.rmdl
mdl/divided_moon/divided_industrial_building_large_decals_01a.rmdl
mdl/divided_moon/divided_industrial_building_large_entrance_platform_01a.rmdl
mdl/divided_moon/divided_industrial_building_large_int_detail_01a.rmdl
mdl/divided_moon/divided_industrial_building_large_interior_beam_01a.rmdl
mdl/divided_moon/divided_industrial_building_large_solar_panel_01a.rmdl
mdl/divided_moon/divided_industrial_building_large_solar_panel_02a.rmdl
mdl/divided_moon/divided_industrial_building_large_window_01a.rmdl
mdl/divided_moon/divided_industrial_building_large_window_02a.rmdl
mdl/divided_moon/divided_industrial_building_worker_bridge_01.rmdl
mdl/divided_moon/divided_industrial_building_worker_bridge_leg_01.rmdl
mdl/divided_moon/divided_industrial_crane_floor_plate_01a.rmdl
mdl/divided_moon/divided_industrial_crane_rail_curved_large_01a.rmdl
mdl/divided_moon/divided_industrial_crane_rail_large_01a.rmdl
mdl/divided_moon/divided_industrial_crane_rail_medium_01a.rmdl
mdl/divided_moon/divided_industrial_crane_rail_small_01a.rmdl
mdl/divided_moon/divided_industrial_pipe_end_01a.rmdl
mdl/divided_moon/divided_lifted_building_C_decal.rmdl
mdl/divided_moon/divided_lifted_building_c_grass_01.rmdl
mdl/divided_moon/divided_lifted_building_C_platform_01.rmdl
mdl/divided_moon/divided_lifted_building_C_platform_02.rmdl
mdl/divided_moon/divided_lifted_building_c_support_base_01.rmdl
mdl/divided_moon/divided_lifted_building_C.rmdl
mdl/divided_moon/divided_lifted_building_chalk_decal_01.rmdl
mdl/divided_moon/divided_lifted_building_chalk_decal_02.rmdl
mdl/divided_moon/divided_lifted_building_chalk_decal_03.rmdl
mdl/divided_moon/divided_lifted_building_chalk_decal_04.rmdl
mdl/divided_moon/divided_lifted_building_E_decal.rmdl
mdl/divided_moon/divided_lifted_building_E_exterior_l.rmdl
mdl/divided_moon/divided_lifted_building_E_fountain_01.rmdl
mdl/divided_moon/divided_lifted_building_E_plant_01.rmdl
mdl/divided_moon/divided_lifted_building_E_plant_02.rmdl
mdl/divided_moon/divided_lifted_building_E_platform_01.rmdl
mdl/divided_moon/divided_lifted_building_E_platform_02.rmdl
mdl/divided_moon/divided_lifted_building_E_stair_support_01.rmdl
mdl/divided_moon/divided_lifted_building_E_support_base_01.rmdl
mdl/divided_moon/divided_lifted_building_E_support_wallmount_01.rmdl
mdl/divided_moon/divided_lifted_building_E_vent_01.rmdl
mdl/divided_moon/divided_lifted_building_E_vent_02.rmdl
mdl/divided_moon/divided_lifted_building_E_wallpanal_01.rmdl
mdl/divided_moon/divided_lifted_building_E_wallpanal_02.rmdl
mdl/divided_moon/divided_lifted_building_E_window_l.rmdl
mdl/divided_moon/divided_lifted_building_E_window_s.rmdl
mdl/divided_moon/divided_lifted_building_fence_01.rmdl
mdl/divided_moon/divided_lifted_building_fence_02.rmdl
mdl/divided_moon/divided_lifted_building_fence_04.rmdl
mdl/divided_moon/divided_lifted_building_fence_post.rmdl
mdl/divided_moon/divided_lifted_building_grass_01.rmdl
mdl/divided_moon/divided_lifted_building_int_basket_01.rmdl
mdl/divided_moon/divided_lifted_building_int_basket_02.rmdl
mdl/divided_moon/divided_lifted_building_int_basket_03.rmdl
mdl/divided_moon/divided_lifted_building_int_chair_01.rmdl
mdl/divided_moon/divided_lifted_building_int_chair_cushion_01.rmdl
mdl/divided_moon/divided_lifted_building_int_deco_01.rmdl
mdl/divided_moon/divided_lifted_building_int_desk_01.rmdl
mdl/divided_moon/divided_lifted_building_int_fireplace_01.rmdl
mdl/divided_moon/divided_lifted_building_int_hood_01.rmdl
mdl/divided_moon/divided_lifted_building_int_kitchen_island_01.rmdl
mdl/divided_moon/divided_lifted_building_int_light_01.rmdl
mdl/divided_moon/divided_lifted_building_int_mat_01.rmdl
mdl/divided_moon/divided_lifted_building_int_painting_01.rmdl
mdl/divided_moon/divided_lifted_building_int_painting_02.rmdl
mdl/divided_moon/divided_lifted_building_int_rug_01.rmdl
mdl/divided_moon/divided_lifted_building_int_shower_Booth_01.rmdl
mdl/divided_moon/divided_lifted_building_int_sink_01.rmdl
mdl/divided_moon/divided_lifted_building_int_stair_01.rmdl
mdl/divided_moon/divided_lifted_building_int_table_03.rmdl
mdl/divided_moon/divided_lifted_building_number_decal_02.rmdl
mdl/divided_moon/divided_lifted_building_number_decal_03.rmdl
mdl/divided_moon/divided_lifted_building_number_decal_04.rmdl
mdl/divided_moon/divided_lifted_building_number_decal_05.rmdl
mdl/divided_moon/divided_lifted_building_pillar_01.rmdl
mdl/divided_moon/divided_lifted_building_platform_decal_01.rmdl
mdl/divided_moon/divided_lifted_building_railing_128_01.rmdl
mdl/divided_moon/divided_lifted_building_railing_64_01.rmdl
mdl/divided_moon/divided_lifted_building_railing_cor_01.rmdl
mdl/divided_moon/divided_lifted_building_railing_end_01.rmdl
mdl/divided_moon/divided_lifted_building_railing_extra_01.rmdl
mdl/divided_moon/divided_lifted_building_railing_stair_01.rmdl
mdl/divided_moon/divided_lifted_building_screen_decal_01.rmdl
mdl/divided_moon/divided_lifted_building_wall_01.rmdl
mdl/divided_moon/divided_lifted_building_wall_02.rmdl
mdl/divided_moon/divided_lifted_building_wall_03.rmdl
mdl/divided_moon/divided_lifted_building_wall_04.rmdl
mdl/divided_moon/divided_lifted_building_waterfall_01.rmdl
mdl/divided_moon/divided_lifted_building_window_01.rmdl
mdl/divided_moon/divided_lifted_residence_curved_table_01.rmdl
mdl/divided_moon/divided_lifted_residence_curved_table_skinny_01.rmdl
mdl/divided_moon/divided_lifted_residence_stool_01.rmdl
mdl/divided_moon/divided_moon_atmosphere_factory_arm_01.rmdl
mdl/divided_moon/divided_moon_atmosphere_factory_arm_02.rmdl
mdl/divided_moon/divided_moon_atmosphere_factory_bridge_exterior_entrance_01.rmdl
mdl/divided_moon/divided_moon_atmosphere_factory_bridge_exterior_middle_01.rmdl
mdl/divided_moon/divided_moon_atmosphere_factory_bridge_exterior_ramp_01.rmdl
mdl/divided_moon/divided_moon_atmosphere_factory_bridge_exterior_walls_01.rmdl
mdl/divided_moon/divided_moon_atmosphere_factory_bridge_exterior_windows_01.rmdl
mdl/divided_moon/divided_moon_atmosphere_factory_bridge_floor_decal_01.rmdl
mdl/divided_moon/divided_moon_atmosphere_factory_bridge_interior_middle_support_01.rmdl
mdl/divided_moon/divided_moon_atmosphere_factory_bridge_interior_support_01.rmdl
mdl/divided_moon/divided_moon_atmosphere_factory_bridge_interior_support_mat_01.rmdl
mdl/divided_moon/divided_moon_atmosphere_factory_cylinder_01.rmdl
mdl/divided_moon/divided_moon_atmosphere_factory_cylinder_02.rmdl
mdl/divided_moon/divided_moon_atmosphere_factory_cylinder_03.rmdl
mdl/divided_moon/divided_moon_atmosphere_factory_metal_pipe.rmdl
mdl/divided_moon/divided_moon_atmosphere_factory_platform_left_decals.rmdl
mdl/divided_moon/divided_moon_atmosphere_factory_platform_left_front_01.rmdl
mdl/divided_moon/divided_moon_atmosphere_factory_platform_left.rmdl
mdl/divided_moon/divided_moon_atmosphere_factory_platform_ramp_01.rmdl
mdl/divided_moon/divided_moon_atmosphere_factory_platform_rampDecals_01.rmdl
mdl/divided_moon/divided_moon_atmosphere_factory_platform_right_decals.rmdl
mdl/divided_moon/divided_moon_atmosphere_factory_platform_right_front_01.rmdl
mdl/divided_moon/divided_moon_atmosphere_factory_platform_right.rmdl
mdl/divided_moon/divided_moon_atmosphere_factory_platform_road_01.rmdl
mdl/divided_moon/divided_moon_atmosphere_factory_platform_science_bridge_walkway_01.rmdl
mdl/divided_moon/divided_moon_atmosphere_factory_platform_science_building_base_01_fixed_decals.rmdl
mdl/divided_moon/divided_moon_atmosphere_factory_platform_science_building_base_01_fixed.rmdl
mdl/divided_moon/divided_moon_atmosphere_factory_platform_science_pipe_cover_01.rmdl
mdl/divided_moon/divided_moon_atmosphere_factory_poi_top_decals.rmdl
mdl/divided_moon/divided_moon_atmosphere_factory_poi_top.rmdl
mdl/divided_moon/divided_moon_atmosphere_factory_room.rmdl
mdl/divided_moon/divided_moon_atmosphere_factory_side_part.rmdl
mdl/divided_moon/divided_moon_atmosphere_factory_slide_01.rmdl
mdl/divided_moon/divided_moon_atmosphere_factory_slide_02.rmdl
mdl/divided_moon/divided_moon_billboard_01.rmdl
mdl/divided_moon/divided_moon_buidlings_lunar_habitat_battery_arm.rmdl
mdl/divided_moon/divided_moon_buidlings_lunar_habitat_battery_base.rmdl
mdl/divided_moon/divided_moon_buidlings_lunar_habitat_battery_main_decals.rmdl
mdl/divided_moon/divided_moon_buidlings_lunar_habitat_battery_main.rmdl
mdl/divided_moon/divided_moon_buidlings_lunar_habitat_battery_pipes.rmdl
mdl/divided_moon/divided_moon_buidlings_lunar_habitat_lab_base.rmdl
mdl/divided_moon/divided_moon_buidlings_lunar_habitat_lab_main_center_planter_int.rmdl
mdl/divided_moon/divided_moon_buidlings_lunar_habitat_lab_main_decals_int.rmdl
mdl/divided_moon/divided_moon_buidlings_lunar_habitat_lab_main_decals.rmdl
mdl/divided_moon/divided_moon_buidlings_lunar_habitat_lab_main_pannel_pads_int.rmdl
mdl/divided_moon/divided_moon_buidlings_lunar_habitat_lab_main_window_int.rmdl
mdl/divided_moon/divided_moon_buidlings_lunar_habitat_lab_main_window_out.rmdl
mdl/divided_moon/divided_moon_buidlings_lunar_habitat_lab_main.rmdl
mdl/divided_moon/divided_moon_buidlings_lunar_habitat_lights_01_decal.rmdl
mdl/divided_moon/divided_moon_buidlings_lunar_habitat_lights_01.rmdl
mdl/divided_moon/divided_moon_eternal_acres_archway_base.rmdl
mdl/divided_moon/divided_moon_eternal_acres_archway.rmdl
mdl/divided_moon/divided_moon_eternal_acres_entrance_arch_decal.rmdl
mdl/divided_moon/divided_moon_eternal_acres_entrance_arch_wall.rmdl
mdl/divided_moon/divided_moon_eternal_acres_entrance_arch.rmdl
mdl/divided_moon/divided_moon_industrial_building_medium_01_decals.rmdl
mdl/divided_moon/divided_moon_industrial_building_medium_01.rmdl
mdl/divided_moon/divided_moon_industrial_building_medium_02_decals.rmdl
mdl/divided_moon/divided_moon_industrial_building_medium_02_platforms_01_decals.rmdl
mdl/divided_moon/divided_moon_industrial_building_medium_02_platforms_01.rmdl
mdl/divided_moon/divided_moon_industrial_building_medium_02.rmdl
mdl/divided_moon/divided_moon_industrial_building_medium_03_decals.rmdl
mdl/divided_moon/divided_moon_industrial_building_medium_03.rmdl
mdl/divided_moon/divided_moon_industrial_building_medium_04_decals.rmdl
mdl/divided_moon/divided_moon_industrial_building_medium_04.rmdl
mdl/divided_moon/divided_moon_industrial_building_medium_05_decals.rmdl
mdl/divided_moon/divided_moon_industrial_building_medium_05.rmdl
mdl/divided_moon/divided_moon_industrial_building_small_001.rmdl
mdl/divided_moon/divided_moon_industrial_building_small_decals_001.rmdl
mdl/divided_moon/divided_moon_industrial_building_small_ladder_001.rmdl
mdl/divided_moon/divided_moon_industrial_building_small_window_001.rmdl
mdl/divided_moon/divided_moon_industrial_building_small_window_002.rmdl
mdl/divided_moon/divided_moon_light_edge_01.rmdl
mdl/divided_moon/divided_moon_residential_hedge_106.rmdl
mdl/divided_moon/divided_moon_residential_hedge_128.rmdl
mdl/divided_moon/divided_moon_science_building_bridge_decals.rmdl
mdl/divided_moon/divided_moon_science_building_bridge.rmdl
mdl/divided_moon/divided_moon_science_building_large_A_decals.rmdl
mdl/divided_moon/divided_moon_science_building_large_A.rmdl
mdl/divided_moon/divided_moon_science_building_large_B_decals.rmdl
mdl/divided_moon/divided_moon_science_building_large_B_int_decals.rmdl
mdl/divided_moon/divided_moon_science_building_large_B.rmdl
mdl/divided_moon/divided_moon_signage_01.rmdl
mdl/divided_moon/divided_moon_terraformer_01_subbuilding_pillar_01.rmdl
mdl/divided_moon/divided_moon_vertical_graveyard_topiarybase_01.rmdl
mdl/divided_moon/divided_productionyard_building_01_decals.rmdl
mdl/divided_moon/divided_productionyard_building_01_roof_decals.rmdl
mdl/divided_moon/divided_productionyard_building_01_roof.rmdl
mdl/divided_moon/divided_productionyard_building_01.rmdl
mdl/divided_moon/divided_productionyard_building_02_decals.rmdl
mdl/divided_moon/divided_productionyard_building_02.rmdl
mdl/divided_moon/divided_productionyard_column_01_decals.rmdl
mdl/divided_moon/divided_productionyard_column_01.rmdl
mdl/divided_moon/divided_productionyard_decal_01.rmdl
mdl/divided_moon/divided_productionyard_decal_02.rmdl
mdl/divided_moon/divided_productionyard_decal_03.rmdl
mdl/divided_moon/divided_productionyard_decal_04.rmdl
mdl/divided_moon/divided_productionyard_decal_05.rmdl
mdl/divided_moon/divided_productionyard_doorentrance_01.rmdl
mdl/divided_moon/divided_productionyard_doorframe_01.rmdl
mdl/divided_moon/divided_productionyard_ext_centraltower_01_decals.rmdl
mdl/divided_moon/divided_productionyard_ext_centraltower_01.rmdl
mdl/divided_moon/divided_productionyard_ext_frontentrance_01_decals.rmdl
mdl/divided_moon/divided_productionyard_ext_frontentrance_01.rmdl
mdl/divided_moon/divided_productionyard_ext_frontsideentrance_01_decals.rmdl
mdl/divided_moon/divided_productionyard_ext_frontsideentrance_01.rmdl
mdl/divided_moon/divided_productionyard_ext_wingentrance_01_decals.rmdl
mdl/divided_moon/divided_productionyard_ext_wingentrance_01.rmdl
mdl/divided_moon/divided_productionyard_int_blastdoors_01.rmdl
mdl/divided_moon/divided_productionyard_int_wallbeam_01.rmdl
mdl/divided_moon/divided_productionyard_int_wallbeam_02.rmdl
mdl/divided_moon/divided_productionyard_int_wallbeam_base_01.rmdl
mdl/divided_moon/divided_productionyard_kobindiposter_01.rmdl
mdl/divided_moon/divided_productionyard_lightpillar_01.rmdl
mdl/divided_moon/divided_productionyard_platformpillar_01.rmdl
mdl/divided_moon/divided_productionyard_platformpillar_02.rmdl
mdl/divided_moon/divided_productionyard_platforms_shackbridge_01.rmdl
mdl/divided_moon/divided_productionyard_platforms_shacks_01_decals.rmdl
mdl/divided_moon/divided_productionyard_platforms_shacks_01.rmdl
mdl/divided_moon/divided_productionyard_platforms_shacks_02.rmdl
mdl/divided_moon/divided_productionyard_railbumper_01.rmdl
mdl/divided_moon/divided_productionyard_railcart_01.rmdl
mdl/divided_moon/divided_productionyard_shack_window_01.rmdl
mdl/divided_moon/divided_productionyard_trackmechanism_01.rmdl
mdl/divided_moon/divided_productionyard_windowlong_01.rmdl
mdl/divided_moon/divided_productionyard_wing_01.rmdl
mdl/divided_moon/divided_promenade_ext_facade_adjacent_middle_decal.rmdl
mdl/divided_moon/divided_promenade_ext_facade_adjacent_middle.rmdl
mdl/divided_moon/divided_promenade_ext_facade_adjacent_top.rmdl
mdl/divided_moon/divided_promenade_ext_facade_elevators_01.rmdl
mdl/divided_moon/divided_promenade_ext_facade_entrance_decal_north.rmdl
mdl/divided_moon/divided_promenade_ext_facade_entrance_decal_south.rmdl
mdl/divided_moon/divided_promenade_ext_facade_inserts_01.rmdl
mdl/divided_moon/divided_promenade_ext_facade_inserts_02.rmdl
mdl/divided_moon/divided_promenade_ext_facade_main_middle_01.rmdl
mdl/divided_moon/divided_promenade_ext_facade_main_middle_02.rmdl
mdl/divided_moon/divided_promenade_ext_facade_main_top.rmdl
mdl/divided_moon/divided_promenade_ext_gapfix_01.rmdl
mdl/divided_moon/divided_promenade_ext_l_platform_01_logo.rmdl
mdl/divided_moon/divided_promenade_ext_l_platform_02.rmdl
mdl/divided_moon/divided_promenade_fountain_01.rmdl
mdl/divided_moon/divided_promenade_int_cap_01.rmdl
mdl/divided_moon/divided_promenade_int_ceiling_piece_03.rmdl
mdl/divided_moon/divided_promenade_int_decal_north_01.rmdl
mdl/divided_moon/divided_promenade_int_decal_south_01.rmdl
mdl/divided_moon/divided_promenade_int_divider_01_door_01.rmdl
mdl/divided_moon/divided_promenade_int_divider_02.rmdl
mdl/divided_moon/divided_promenade_int_door_decal_01.rmdl
mdl/divided_moon/divided_promenade_int_door_decal_02.rmdl
mdl/divided_moon/divided_promenade_int_door_decal_03.rmdl
mdl/divided_moon/divided_promenade_int_door_decal_04.rmdl
mdl/divided_moon/divided_promenade_int_kiosk_01.rmdl
mdl/divided_moon/divided_promenade_int_lamp_01.rmdl
mdl/divided_moon/divided_promenade_int_light_01.rmdl
mdl/divided_moon/divided_promenade_int_light_02.rmdl
mdl/divided_moon/divided_promenade_poster_01.rmdl
mdl/divided_moon/divided_promenade_sf_01_door.rmdl
mdl/divided_moon/divided_promenade_sf_rollupdoor_01.rmdl
mdl/divided_moon/divided_promenade_sf_rollupdoor_02.rmdl
mdl/divided_moon/divided_promenade_sf_window_01.rmdl
mdl/divided_moon/divided_promenade_sf_window_02.rmdl
mdl/divided_moon/divided_promenade_sign_01.rmdl
mdl/divided_moon/divided_promenade_sign_02.rmdl
mdl/divided_moon/divided_promenade_sign_03.rmdl
mdl/divided_moon/divided_promenade_sign_04.rmdl
mdl/divided_moon/divided_protective_coat_rack_01a.rmdl
mdl/divided_moon/divided_residential_lifted_platform_bridge_02.rmdl
mdl/divided_moon/divided_residential_lifted_platform_bridge_extension_01.rmdl
mdl/divided_moon/divided_residential_lifted_platform_bridge_extension_02.rmdl
mdl/divided_moon/divided_skylight_01.rmdl
mdl/divided_moon/divided_tarot_cards_01.rmdl
mdl/divided_moon/dry_gultch_platform_ext_01_decals.rmdl
mdl/divided_moon/dry_gultch_platform_vertical_trim_01.rmdl
mdl/divided_moon/fortified_camp_accelerator_arm.rmdl
mdl/divided_moon/fortified_camp_accelerator_clamp.rmdl
mdl/divided_moon/fortified_camp_accelerator_tank.rmdl
mdl/divided_moon/fortified_camp_accelerator.rmdl
mdl/divided_moon/fortified_camp_building_a_back_panel.rmdl
mdl/divided_moon/fortified_camp_building_a_ext_decals.rmdl
mdl/divided_moon/fortified_camp_building_a_ext.rmdl
mdl/divided_moon/fortified_camp_building_b_ext_decals.rmdl
mdl/divided_moon/fortified_camp_building_b_ext.rmdl
mdl/divided_moon/fortified_camp_building_entrance_pillar.rmdl
mdl/divided_moon/fortified_camp_building_frame_door_01.rmdl
mdl/divided_moon/fortified_camp_building_frame_door_02.rmdl
mdl/divided_moon/fortified_camp_building_roof_pipes_01.rmdl
mdl/divided_moon/fortified_camp_building_roof_pipes_02.rmdl
mdl/divided_moon/fortified_camp_building_threshold_door_01.rmdl
mdl/divided_moon/fortified_camp_building_threshold_door_02.rmdl
mdl/divided_moon/fortified_camp_building_window_01.rmdl
mdl/divided_moon/fortified_camp_building_window_02.rmdl
mdl/divided_moon/fortified_camp_building_window_03.rmdl
mdl/divided_moon/fortified_camp_building_window_04.rmdl
mdl/divided_moon/fortified_camp_fuel_pillar_01.rmdl
mdl/divided_moon/fortified_camp_fuel_pillar_02.rmdl
mdl/divided_moon/fortified_camp_platform_01.rmdl
mdl/divided_moon/fortified_camp_platform_decals_01.rmdl
mdl/divided_moon/fx_moon_atmo_MDL.rmdl
mdl/divided_moon/fx_stasis_net_radar_hex.rmdl
mdl/divided_moon/fx_stasis_net_radar_nrg_bright.rmdl
mdl/divided_moon/fx_stasis_net_radar_nrg.rmdl
mdl/divided_moon/industrial/divided_coveralls_01a/divided_coveralls_01a.rmdl
mdl/divided_moon/industrial/divided_coveralls_01a/divided_hardhat_01a.rmdl
mdl/divided_moon/industrial/divided_coveralls_01a/divided_lunchbox_01a.rmdl
mdl/divided_moon/industrial/divided_lunchbox_01a/divided_lunchbox_01a.rmdl
mdl/divided_moon/junkyard_bldg_awning_01.rmdl
mdl/divided_moon/junkyard_bldg_doorframe_01.rmdl
mdl/divided_moon/junkyard_bldg_ext_01.rmdl
mdl/divided_moon/junkyard_bldg_ext_02.rmdl
mdl/divided_moon/junkyard_bldg_ext_decals_01.rmdl
mdl/divided_moon/junkyard_bldg_ext_decals_02.rmdl
mdl/divided_moon/junkyard_bldg_panel_01.rmdl
mdl/divided_moon/junkyard_bldg_pillar_01.rmdl
mdl/divided_moon/junkyard_bldg_pillar_02.rmdl
mdl/divided_moon/junkyard_bldg_pillar_03.rmdl
mdl/divided_moon/junkyard_bldg_suport_01.rmdl
mdl/divided_moon/junkyard_bldg_suport_02.rmdl
mdl/divided_moon/junkyard_bldg_window_01.rmdl
mdl/divided_moon/junkyard_bldg_window_02.rmdl
mdl/divided_moon/junkyard_bldg_window_03.rmdl
mdl/divided_moon/junkyard_bldg_window_04.rmdl
mdl/divided_moon/junkyard_bldg_window_05.rmdl
mdl/divided_moon/junkyard_ship_hullpiece_A.rmdl
mdl/divided_moon/junkyard_ship_hullpiece_C_Ext.rmdl
mdl/divided_moon/junkyard_ship_hullpiece_C_Int.rmdl
mdl/divided_moon/k_battery_basebox_01.rmdl
mdl/divided_moon/k_battery_platform_bottom_01.rmdl
mdl/divided_moon/k_battery_platform_mid_01.rmdl
mdl/divided_moon/k_battery_platform_side_01.rmdl
mdl/divided_moon/k_battery_platform_side_02.rmdl
mdl/divided_moon/k_battery_platform_side_arrow_decal.rmdl
mdl/divided_moon/k_battery_platform_side_attachment_01.rmdl
mdl/divided_moon/k_battery_platform_top_01.rmdl
mdl/divided_moon/kinetic_battery_blade_01.rmdl
mdl/divided_moon/kinetic_battery_bldg_01a.rmdl
mdl/divided_moon/kinetic_battery_bldg_01b.rmdl
mdl/divided_moon/kinetic_battery_bldg_decal.rmdl
mdl/divided_moon/kinetic_battery_bldg_metalbar_01.rmdl
mdl/divided_moon/kinetic_battery_bldg_support_01.rmdl
mdl/divided_moon/kinetic_battery_bldg_support_decal_01.rmdl
mdl/divided_moon/kinetic_battery_fence_01.rmdl
mdl/divided_moon/kinetic_battery_fence_02.rmdl
mdl/divided_moon/kinetic_battery_groundblock_01.rmdl
mdl/divided_moon/kinetic_battery_pillar_01.rmdl
mdl/divided_moon/kinetic_battery_pillar_02.rmdl
mdl/divided_moon/kinetic_battery_pillar_03.rmdl
mdl/divided_moon/kinetic_battery_pillar_04.rmdl
mdl/divided_moon/kinetic_battery_pillar_05.rmdl
mdl/divided_moon/kinetic_battery_spinning_top.rmdl
mdl/divided_moon/kinetic_battery_spinning_wall_01.rmdl
mdl/divided_moon/kinetic_battery_spinning_wall.rmdl
mdl/divided_moon/kinetic_battery_station_ext.rmdl
mdl/divided_moon/kinetic_battery_support_addon_01.rmdl
mdl/divided_moon/kinetic_battery_topspin_01.rmdl
mdl/divided_moon/kinetic_battery_wall_pillar_01.rmdl
mdl/divided_moon/kinetic_battery_wall_pillar_02.rmdl
mdl/divided_moon/kinetic_battery_window_01.rmdl
mdl/divided_moon/kinetic_battery_window_02.rmdl
mdl/divided_moon/kinetic_battery_window_03.rmdl
mdl/divided_moon/kinetic_battery_wire_01.rmdl
mdl/divided_moon/kinetic_battery_wire_02.rmdl
mdl/divided_moon/kinetic_pillar_suport_01.rmdl
mdl/divided_moon/lunar_habitat_airlock_45_L_decal_int.rmdl
mdl/divided_moon/lunar_habitat_airlock_45_L_decals.rmdl
mdl/divided_moon/lunar_habitat_airlock_45_L.rmdl
mdl/divided_moon/lunar_habitat_airlock_45_Y_decals_int.rmdl
mdl/divided_moon/lunar_habitat_airlock_45_Y_decals.rmdl
mdl/divided_moon/lunar_habitat_airlock_45_Y.rmdl
mdl/divided_moon/lunar_habitat_airlock_L_decal_int.rmdl
mdl/divided_moon/lunar_habitat_airlock_L_decals.rmdl
mdl/divided_moon/lunar_habitat_airlock_L.rmdl
mdl/divided_moon/lunar_habitat_airlock_large_window_int.rmdl
mdl/divided_moon/lunar_habitat_airlock_large_window.rmdl
mdl/divided_moon/lunar_habitat_airlock_padding_curved_int.rmdl
mdl/divided_moon/lunar_habitat_airlock_small_window.rmdl
mdl/divided_moon/lunar_habitat_airlock_straight_decal_int.rmdl
mdl/divided_moon/lunar_habitat_airlock_straight_decals.rmdl
mdl/divided_moon/lunar_habitat_airlock_straight_open_base_support.rmdl
mdl/divided_moon/lunar_habitat_airlock_straight_open_center_grill.rmdl
mdl/divided_moon/lunar_habitat_airlock_straight_open_decal.rmdl
mdl/divided_moon/lunar_habitat_airlock_straight_open_plank_decal.rmdl
mdl/divided_moon/lunar_habitat_airlock_straight_open_plank.rmdl
mdl/divided_moon/lunar_habitat_airlock_straight_open.rmdl
mdl/divided_moon/lunar_habitat_airlock_straight.rmdl
mdl/divided_moon/lunar_habitat_building_entrance_ring_flat_int.rmdl
mdl/divided_moon/lunar_habitat_crc_logo_decal.rmdl
mdl/divided_moon/lunar_habitat_landingpad_base.rmdl
mdl/divided_moon/lunar_habitat_landingpad_decals.rmdl
mdl/divided_moon/lunar_habitat_landingpad.rmdl
mdl/divided_moon/lunar_habitat_research_lab_L_base_support.rmdl
mdl/divided_moon/lunar_habitat_research_lab_L_center_plot_int.rmdl
mdl/divided_moon/lunar_habitat_research_lab_L_decals_details_int.rmdl
mdl/divided_moon/lunar_habitat_research_lab_L_decals.rmdl
mdl/divided_moon/lunar_habitat_research_lab_L_floor_pipes_int.rmdl
mdl/divided_moon/lunar_habitat_research_lab_L_large_plant_shelves_int.rmdl
mdl/divided_moon/lunar_habitat_research_lab_L_large_window_int.rmdl
mdl/divided_moon/lunar_habitat_research_lab_L_large_window.rmdl
mdl/divided_moon/lunar_habitat_research_lab_L_roof_supports_int.rmdl
mdl/divided_moon/lunar_habitat_research_lab_L_space_pannel_int.rmdl
mdl/divided_moon/lunar_habitat_research_lab_L_window_int.rmdl
mdl/divided_moon/lunar_habitat_research_lab_L_window.rmdl
mdl/divided_moon/lunar_habitat_research_lab_L.rmdl
mdl/divided_moon/lunar_habitat_round_support.rmdl
mdl/divided_moon/lunar_habitat_sleepingquarters_corner_bunk_beds_storage.rmdl
mdl/divided_moon/lunar_habitat_sleepingquarters_corner_bunk_beds.rmdl
mdl/divided_moon/lunar_habitat_sleepingquarters_decals_int.rmdl
mdl/divided_moon/lunar_habitat_sleepingquarters_decals.rmdl
mdl/divided_moon/lunar_habitat_sleepingquarters_int_middle_support_arm.rmdl
mdl/divided_moon/lunar_habitat_sleepingquarters_int_middle_support.rmdl
mdl/divided_moon/lunar_habitat_sleepingquarters_support.rmdl
mdl/divided_moon/lunar_habitat_sleepingquarters_view_platform_int.rmdl
mdl/divided_moon/lunar_habitat_sleepingquarters_window.rmdl
mdl/divided_moon/lunar_habitat_sleepingquarters.rmdl
mdl/divided_moon/lunar_habitat_sleeve_128_doorway_cap_decals.rmdl
mdl/divided_moon/lunar_habitat_sleeve_128_doorway_cap.rmdl
mdl/divided_moon/lunar_habitat_sleeve_128_int_y_hallways.rmdl
mdl/divided_moon/lunar_habitat_sleeve_128_straight_cap_window_decals.rmdl
mdl/divided_moon/lunar_habitat_sleeve_128_straight_cap_window.rmdl
mdl/divided_moon/lunar_habitat_sleeve_128_straight_window.rmdl
mdl/divided_moon/lunar_habitat_sleeve_bars_45_int.rmdl
mdl/divided_moon/lunar_habitat_sleeve_bars_stright_airlock_int.rmdl
mdl/divided_moon/lunar_habitat_sleeve_bars_stright_int.rmdl
mdl/divided_moon/lunar_habitat_sleeve_bars_Y_int.rmdl
mdl/divided_moon/lunar_habitat_sleeve_cap_ring_int.rmdl
mdl/divided_moon/lunar_habitat_sleeve_connection_decals.rmdl
mdl/divided_moon/lunar_habitat_sleeve_connection_flat_short.rmdl
mdl/divided_moon/lunar_habitat_sleeve_connection_flat.rmdl
mdl/divided_moon/lunar_habitat_sleeve_connection_lab.rmdl
mdl/divided_moon/lunar_habitat_sleeve_connection.rmdl
mdl/divided_moon/lunar_habitat_sleeve_doorframe_int.rmdl
mdl/divided_moon/lunar_habitat_sleeve_doorframe.rmdl
mdl/divided_moon/lunar_habitat_sleeve_insert_int.rmdl
mdl/divided_moon/lunar_habitat_sleeve_int_45_corner.rmdl
mdl/divided_moon/lunar_habitat_sleeve_ladder_alt_b_base.rmdl
mdl/divided_moon/lunar_habitat_sleeve_ladder_alt_b_decals_int.rmdl
mdl/divided_moon/lunar_habitat_sleeve_ladder_alt_b_decals.rmdl
mdl/divided_moon/lunar_habitat_sleeve_ladder_alt_b_fence_int.rmdl
mdl/divided_moon/lunar_habitat_sleeve_ladder_alt_b_flat_pannel_int.rmdl
mdl/divided_moon/lunar_habitat_sleeve_ladder_alt_b_floor_panels_int.rmdl
mdl/divided_moon/lunar_habitat_sleeve_ladder_alt_b_window_front.rmdl
mdl/divided_moon/lunar_habitat_sleeve_ladder_alt_b_window.rmdl
mdl/divided_moon/lunar_habitat_sleeve_ladder_alt_b.rmdl
mdl/divided_moon/lunar_habitat_sleeve_ring.rmdl
mdl/divided_moon/lunar_habitat_sleeve_stright_short.rmdl
mdl/divided_moon/lunar_habitat_sleeve_stright.rmdl
mdl/divided_moon/lunar_habitat_sleeve_support_extended.rmdl
mdl/divided_moon/lunar_habitat_sleeve_support.rmdl
mdl/divided_moon/lunar_habitat_sleeve_wall_doubledoor_interior.rmdl
mdl/divided_moon/lunar_habitat_sleeve_window_flat_int.rmdl
mdl/divided_moon/lunar_habitat_sleeve_window_flat.rmdl
mdl/divided_moon/lunar_habitat_sleeve_window_int.rmdl
mdl/divided_moon/lunar_habitat_sleeve_window.rmdl
mdl/divided_moon/lunar_habitat_veh_platform_no_ring_base_support.rmdl
mdl/divided_moon/lunar_habitat_veh_platform_no_ring_decals.rmdl
mdl/divided_moon/lunar_habitat_veh_platform_no_ring.rmdl
mdl/divided_moon/lunar_habitat_veh_platform_ramp_decal.rmdl
mdl/divided_moon/lunar_habitat_veh_platform_ramp_support_base.rmdl
mdl/divided_moon/lunar_habitat_veh_platform_ramp.rmdl
mdl/divided_moon/lunar_habitat_veh_platform_speed_bump_ramp.rmdl
mdl/divided_moon/lunar_habitat_veh_platform_speed_bump.rmdl
mdl/divided_moon/lunar_habitat_veh_platform_top_ring_decal.rmdl
mdl/divided_moon/lunar_habitat_veh_platform_top_ring.rmdl
mdl/divided_moon/lunar_habitat_wallshield_45_connector_decals.rmdl
mdl/divided_moon/lunar_habitat_wallshield_45_connector.rmdl
mdl/divided_moon/lunar_habitat_wallshield_90_connector_decals.rmdl
mdl/divided_moon/lunar_habitat_wallshield_90_connector.rmdl
mdl/divided_moon/lunar_habitat_wallshield_base_ramp.rmdl
mdl/divided_moon/lunar_habitat_wallshield_bottom.rmdl
mdl/divided_moon/lunar_habitat_wallshield_connection_cap.rmdl
mdl/divided_moon/lunar_habitat_wallshield_decals.rmdl
mdl/divided_moon/lunar_habitat_wallshield_short_bottom.rmdl
mdl/divided_moon/lunar_habitat_wallshield_short_decals.rmdl
mdl/divided_moon/lunar_habitat_wallshield_short.rmdl
mdl/divided_moon/lunar_habitat_wallshield_stright_connector_decals.rmdl
mdl/divided_moon/lunar_habitat_wallshield_stright_connector.rmdl
mdl/divided_moon/lunar_habitat_wallshield_tall_wall_decals.rmdl
mdl/divided_moon/lunar_habitat_wallshield_tall_wall.rmdl
mdl/divided_moon/lunar_habitat_wallshield.rmdl
mdl/divided_moon/office_desk_large_01.rmdl
mdl/divided_moon/pasted__lunar_habitat_airlock_small_window_int.rmdl
mdl/divided_moon/promenade_neo_detail_01.rmdl
mdl/divided_moon/promenade_neon_sign_01.rmdl
mdl/divided_moon/promenade_neon_sign_02.rmdl
mdl/divided_moon/promenade_neon_sign_03.rmdl
mdl/divided_moon/promenade_neon_sign_04.rmdl
mdl/divided_moon/promenade_neon_sign_05.rmdl
mdl/divided_moon/promenade_neon_sign_06.rmdl
mdl/divided_moon/promenade_neon_sign_07.rmdl
mdl/divided_moon/promenade_neon_sign_08.rmdl
mdl/divided_moon/promenade_neon_sign_vert_01.rmdl
mdl/divided_moon/promenade_neon_sign_vert_02.rmdl
mdl/divided_moon/promenade_north_decal_01.rmdl
mdl/divided_moon/promenade_south_decal_01.rmdl
mdl/divided_moon/residential_lifted_platform_planter_01.rmdl
mdl/divided_moon/residential/divided_res_bunkbeds_01/divided_res_bunkbeds_01.rmdl
mdl/divided_moon/residential/divided_res_hangingshirt_01/divided_res_hangingshirt_01.rmdl
mdl/divided_moon/residential/divided_res_mattress_01/divided_res_bunkbeds_mattress_01.rmdl
mdl/divided_moon/residential/divided_res_mod_couch_01/divided_res_mod_couch_corner_01.rmdl
mdl/divided_moon/residential/divided_res_mod_couch_01/divided_res_mod_couch_end_left_01.rmdl
mdl/divided_moon/residential/divided_res_mod_couch_01/divided_res_mod_couch_end_right_01.rmdl
mdl/divided_moon/residential/divided_res_mod_couch_01/divided_res_mod_couch_middle_01.rmdl
mdl/divided_moon/residential/divided_res_photos_frames/divided_res_frame_01.rmdl
mdl/divided_moon/residential/divided_res_photos_frames/divided_res_frame_02.rmdl
mdl/divided_moon/residential/divided_res_photos_frames/divided_res_frame_03.rmdl
mdl/divided_moon/residential/divided_res_photos_frames/divided_res_photos_01.rmdl
mdl/divided_moon/residential/divided_res_photos_frames/divided_res_photos_02.rmdl
mdl/divided_moon/residential/divided_res_photos_frames/divided_res_photos_03.rmdl
mdl/divided_moon/residential/divided_res_photos_frames/divided_res_photos_04.rmdl
mdl/divided_moon/residential/divided_res_towels_01/divided_res_towel_folded_01.rmdl
mdl/divided_moon/residential/divided_res_towels_01/divided_res_towel_hanging_01.rmdl
mdl/divided_moon/residential/divided_res_toys_01/divided_res_toys_01.rmdl
mdl/divided_moon/residential/divided_res_wall_art_01/divided_res_wall_art_01.rmdl
mdl/divided_moon/rollup_door_track_05.rmdl
mdl/divided_moon/rollup_door_track_05b.rmdl
mdl/divided_moon/science_building_B_int_window_01.rmdl
mdl/divided_moon/science_building_int_decals_01.rmdl
mdl/divided_moon/science_building_int_decals_02.rmdl
mdl/divided_moon/science_building_int_door_01.rmdl
mdl/divided_moon/science_building_int_door_02.rmdl
mdl/divided_moon/science_building_int_door_03.rmdl
mdl/divided_moon/science_building_int_doormat_01.rmdl
mdl/divided_moon/science_building_int_doormat_02.rmdl
mdl/divided_moon/science_building_int_panel_01.rmdl
mdl/divided_moon/science_building_int_props_01.rmdl
mdl/divided_moon/science_building_int_railing_01.rmdl
mdl/divided_moon/science_building_int_railing_32_01.rmdl
mdl/divided_moon/science_building_int_railing_end_01.rmdl
mdl/divided_moon/science_building_int_railing_end_02.rmdl
mdl/divided_moon/science_building_int_railing_stair_01.rmdl
mdl/divided_moon/science_building_int_stairs_01.rmdl
mdl/divided_moon/science_building_int_window_01.rmdl
mdl/divided_moon/science_building_int_window_02.rmdl
mdl/divided_moon/science_building_int_window_03.rmdl
mdl/divided_moon/science_building_int_window_04.rmdl
mdl/divided_moon/science_building_ladder_02.rmdl
mdl/divided_moon/science_building_pipes_01_a.rmdl
mdl/divided_moon/science_building_pipes_01_b.rmdl
mdl/divided_moon/science_building_platform_01.rmdl
mdl/divided_moon/science_building_platform_03.rmdl
mdl/divided_moon/science_building_platform_corner_01.rmdl
mdl/divided_moon/science_building_platform_corner_02.rmdl
mdl/divided_moon/science_building_platform_low_01.rmdl
mdl/divided_moon/science_building_props_01.rmdl
mdl/divided_moon/science_building_railing_32_01.rmdl
mdl/divided_moon/science_building_railing_64_01.rmdl
mdl/divided_moon/science_building_railing_corner_01.rmdl
mdl/divided_moon/science_building_railing_corner_02.rmdl
mdl/divided_moon/science_building_railing_corner_03.rmdl
mdl/divided_moon/science_building_railing_decal_01.rmdl
mdl/divided_moon/science_building_railing_decal_02.rmdl
mdl/divided_moon/science_building_railing_end_01.rmdl
mdl/divided_moon/science_building_railing_stairs_01.rmdl
mdl/divided_moon/science_building_sign_01.rmdl
mdl/divided_moon/science_building_small_platform_A_decal.rmdl
mdl/divided_moon/science_building_small_platform_A.rmdl
mdl/divided_moon/science_building_tank_01.rmdl
mdl/divided_moon/science_building_tank_decal_01.rmdl
mdl/divided_moon/science_building_window_01.rmdl
mdl/divided_moon/science_building_window_02.rmdl
mdl/divided_moon/science_building_window_03.rmdl
mdl/divided_moon/science/science_bio_extraction_pod_01/science_bio_extraction_pod_01.rmdl
mdl/divided_moon/science/science_int_computer_01/science_int_computer_endcap_01.rmdl
mdl/divided_moon/science/science_int_computer_01/science_int_computer_monitor_01.rmdl
mdl/divided_moon/science/science_int_computer_01/science_int_computer_screen_01.rmdl
mdl/divided_moon/science/science_int_table_long_01/science_int_table_long_01.rmdl
mdl/divided_moon/shelf_modular_01.rmdl
mdl/divided_moon/shelf_piece_modular.rmdl
mdl/divided_moon/stasis_net_radar_arm_details.rmdl
mdl/divided_moon/stasis_net_radar_arm.rmdl
mdl/divided_moon/stasis_net_radar_building_bottom_details.rmdl
mdl/divided_moon/stasis_net_radar_building_bottom.rmdl
mdl/divided_moon/stasis_net_radar_building_details.rmdl
mdl/divided_moon/stasis_net_radar_building_pillar_details.rmdl
mdl/divided_moon/stasis_net_radar_building_pillar.rmdl
mdl/divided_moon/stasis_net_radar_building.rmdl
mdl/divided_moon/stasis_net_radar_connector.rmdl
mdl/divided_moon/stasis_net_radar_interior_beam.rmdl
mdl/divided_moon/stasis_net_radar_interior_pillars.rmdl
mdl/divided_moon/stasis_net_radar_interior_sleeve_ring.rmdl
mdl/divided_moon/stasis_net_radar_interior_wall_01.rmdl
mdl/divided_moon/stasis_net_radar_interior_wall_02.rmdl
mdl/divided_moon/stasis_net_radar_interior_windows.rmdl
mdl/divided_moon/stasis_net_radar_leg_details.rmdl
mdl/divided_moon/stasis_net_radar_leg.rmdl
mdl/divided_moon/stasis_net_radar_rotor.rmdl
mdl/divided_moon/stasis_net_radar_satellite_dirt.rmdl
mdl/divided_moon/stasis_net_radar_satellite.rmdl
mdl/divided_moon/stasis_net_radar_sleeve_connector.rmdl
mdl/divided_moon/stasis_net_radar_support.rmdl
mdl/divided_moon/stasis_net_radar_suspension.rmdl
mdl/divided_moon/terraformer_exhaust_01.rmdl
mdl/divided_moon/vertical_graveyard_tower_base_decal.rmdl
mdl/divided_moon/vertical_graveyard_tower_base_window_large.rmdl
mdl/divided_moon/vertical_graveyard_tower_base_window_small.rmdl
mdl/divided_moon/vertical_graveyard_tower_base.rmdl
mdl/divided_moon/vertical_graveyard_tower_middle_ring_support.rmdl
mdl/divided_moon/vertical_graveyard_tower_upper_ext.rmdl
mdl/divided_moon/vertical_graveyard_tower_upper_structure_01.rmdl
mdl/divided_moon/vertical_tower_cloth_banner.rmdl
mdl/divided_moon/vertical_tower_primary_support_structure.rmdl
mdl/divided_moon/washing_machine_01.rmdl
mdl/divided/divided_cliff_stream_01.rmdl
mdl/divided/divided_river_rock_01.rmdl
mdl/divided/divided_river_rock_02.rmdl
mdl/divided/divided_rock_pool_01.rmdl
mdl/divided/divided_wetlands_embankment_01_inner.rmdl
mdl/divided/divided_wetlands_embankment_01_outer.rmdl
mdl/divided/divided_wetlands_root_01.rmdl
mdl/divided/divided_wetlands_root_02.rmdl
mdl/divided/divided_wetlands_root_set_01.rmdl
mdl/domestic/ac_standing_unit_80x40_01_a.rmdl
mdl/domestic/ac_unit_dirty_32x64_fan_03.rmdl
mdl/domestic/ac_unit_dirty_40x64_03_a.rmdl
mdl/domestic/ac_unit_dirty_40x64_03_b.rmdl
mdl/domestic/atm_city_interior_02.rmdl
mdl/domestic/book_row_01.rmdl
mdl/domestic/book_row_02.rmdl
mdl/domestic/book_stack_01.rmdl
mdl/domestic/farmland_bed_frame_01_clean.rmdl
mdl/domestic/farmland_bedding_blanket_inframe_01.rmdl
mdl/domestic/farmland_bedding_pillow_01.rmdl
mdl/domestic/farmland_mattress_01.rmdl
mdl/domestic/fire_extinguisher_case.rmdl
mdl/domestic/floor_mat_black_01.rmdl
mdl/domestic/flower_pot_med_01.rmdl
mdl/domestic/flower_pot_small_01.rmdl
mdl/domestic/folding_table.rmdl
mdl/domestic/frying_pan_native_01.rmdl
mdl/domestic/gym_locker_section_01.rmdl
mdl/domestic/gym_locker_section_02.rmdl
mdl/domestic/gym_locker_section_03.rmdl
mdl/domestic/gym_locker_section_11.rmdl
mdl/domestic/light_switch_flat.rmdl
mdl/domestic/magazine_pile_01.rmdl
mdl/domestic/magazine_pile_03.rmdl
mdl/domestic/magazine_pile_04.rmdl
mdl/domestic/magazine_single_01.rmdl
mdl/domestic/magazine_single_02.rmdl
mdl/domestic/magazine_single_03.rmdl
mdl/domestic/magazine_single_04.rmdl
mdl/domestic/milk_bottle_blue.rmdl
mdl/domestic/native_wood_spoon_03.rmdl
mdl/domestic/pa_system.rmdl
mdl/domestic/pizza_box_closed_01.rmdl
mdl/domestic/pizza_box_open_45.rmdl
mdl/domestic/plastic_cup_small_01.rmdl
mdl/domestic/restaurant_shelf_32x8_dirty_b.rmdl
mdl/domestic/restaurant_shelf_64x8_dirty_b.rmdl
mdl/domestic/security_camera_01.rmdl
mdl/domestic/security_camera_03.rmdl
mdl/domestic/terracotta_pot_small.rmdl
mdl/door/canyonlands_door_single_02_hinges.rmdl
mdl/door/canyonlands_lift_door_frame_large_01.rmdl
mdl/door/door_256x256x8_elevatorstyle02_animated.rmdl
mdl/door/door_canyonlands_large_01_animated.rmdl
mdl/eden/beacon_small_screen_01_off.rmdl
mdl/eden/eden_electrical_pole_01.rmdl
mdl/electricalboxes/fusebox_small_a.rmdl
mdl/electricalboxes/fusebox.rmdl
mdl/electricalboxes/littlelectricbox_a.rmdl
mdl/electricalboxes/meterbox.rmdl
mdl/electricalboxes/pipe_set_b.rmdl
mdl/firstgen/firstgen_barrel_01.rmdl
mdl/firstgen/firstgen_beam_clamp_01.rmdl
mdl/firstgen/firstgen_catwalk_01_08step.rmdl
mdl/firstgen/firstgen_ceiling_hangingrack_metal_mid_01.rmdl
mdl/firstgen/firstgen_hexbrace_02_half.rmdl
mdl/firstgen/firstgen_pipe_128_darkcloth_01.rmdl
mdl/firstgen/firstgen_pipe_256_goldfoil_01.rmdl
mdl/firstgen/firstgen_railing_str_64_01.rmdl
mdl/firstgen/firstgen_wall_crossbar_128x16_metal_01.rmdl
mdl/fixtures/stasis_light_01_red.rmdl
mdl/foliage/bohdi_fruit_01.rmdl
mdl/foliage/brute_wild_green_plant_02.rmdl
mdl/foliage/cherry_blossom_wind.rmdl
mdl/foliage/cherry_blossom.rmdl
mdl/foliage/divided_barren_grass_01.rmdl
mdl/foliage/divided_barren_grass_02.rmdl
mdl/foliage/divided_barren_grass_03.rmdl
mdl/foliage/divided_barren_grass_04.rmdl
mdl/foliage/divided_barren_grass_clump_01.rmdl
mdl/foliage/divided_eternal_acres_topiary_01.rmdl
mdl/foliage/divided_eternal_acres_topiary_02.rmdl
mdl/foliage/divided_eternal_acres_topiary_04.rmdl
mdl/foliage/divided_eternal_acres_topiary_05.rmdl
mdl/foliage/divided_eternal_acres_trimmed_grass_01.rmdl
mdl/foliage/divided_grass_short_01.rmdl
mdl/foliage/divided_grass_short_02.rmdl
mdl/foliage/divided_grass_tall_01.rmdl
mdl/foliage/divided_grass_tall_02.rmdl
mdl/foliage/divided_lilly_01.rmdl
mdl/foliage/divided_meadow_flowers_01.rmdl
mdl/foliage/divided_meadow_flowers_04.rmdl
mdl/foliage/divided_meadow_flowers_cracks_01.rmdl
mdl/foliage/divided_meadow_flowers_cracks_03.rmdl
mdl/foliage/divided_meadow_plant_01.rmdl
mdl/foliage/divided_meadow_plant_03.rmdl
mdl/foliage/divided_succulent_01.rmdl
mdl/foliage/divided_succulent_02.rmdl
mdl/foliage/divided_tree_gnarled_01.rmdl
mdl/foliage/fern_spiky_wind.rmdl
mdl/foliage/flower_yellow_small_02.rmdl
mdl/foliage/flowers_ground_01_wind.rmdl
mdl/foliage/flowers_ground_02_wind.rmdl
mdl/foliage/flowers_ground_03_wind.rmdl
mdl/foliage/flowers_ground_03.rmdl
mdl/foliage/flowers_wall_01.rmdl
mdl/foliage/foliage_ground_plants_01.rmdl
mdl/foliage/grass_dead_bent_01/grass_dead_bent_02.rmdl
mdl/foliage/grass_dead_hanging_01/grass_dead_hanging_01.rmdl
mdl/foliage/grass_dead_hanging_01/grass_dead_hanging_02.rmdl
mdl/foliage/grass_high_01.rmdl
mdl/foliage/grass_lily_shrub_02_wind.rmdl
mdl/foliage/grass_lily_shrub_03_wind.rmdl
mdl/foliage/grassblades_water_dark_animated_03.rmdl
mdl/foliage/green_ground_leaves_01.rmdl
mdl/foliage/ground_plant_cactus_desert.rmdl
mdl/foliage/icelandic_ground_plant_01_wind.rmdl
mdl/foliage/icelandic_ground_plant_02_wind.rmdl
mdl/foliage/icelandic_ground_plant_02.rmdl
mdl/foliage/ivy_bougainvillea_01.rmdl
mdl/foliage/ivy_green_06.rmdl
mdl/foliage/ivy_green_large_hanging_09.rmdl
mdl/foliage/large_lily_pads_01.rmdl
mdl/foliage/large_lily_pads_02.rmdl
mdl/foliage/leaves_ground_cherry_blossom_spread_01.rmdl
mdl/foliage/leaves_ground_cherry_blossom_spread_02.rmdl
mdl/foliage/leaves_ground_spread_01.rmdl
mdl/foliage/lilypad_clusters_05_flowing.rmdl
mdl/foliage/moss_green_hanging_large_02_dark.rmdl
mdl/foliage/moss_green_hanging_large_02.rmdl
mdl/foliage/mushroom_large_blue_01.rmdl
mdl/foliage/mushroom_large_blue_02.rmdl
mdl/foliage/mushroom_small_white_01.rmdl
mdl/foliage/mushroom_trumpet_01.rmdl
mdl/foliage/mushroom_trumpet_02.rmdl
mdl/foliage/mushroom_trumpet_03.rmdl
mdl/foliage/plant_agave_01.rmdl
mdl/foliage/plant_bell_athm_01/plant_bell_athm_01.rmdl
mdl/foliage/plant_birds_nest_fern_04_wind.rmdl
mdl/foliage/plant_chinese_evergreen_small_02_wind.rmdl
mdl/foliage/plant_chinese_evergreen_small_02.rmdl
mdl/foliage/plant_E_ear_holy1.rmdl
mdl/foliage/plant_fern_small_02.rmdl
mdl/foliage/plant_lauae_fern_02_wind.rmdl
mdl/foliage/plant_lily_tall_01.rmdl
mdl/foliage/plant_tobacco_large_02_wind.rmdl
mdl/foliage/plant_tobacco_large_02.rmdl
mdl/foliage/plant_tropical_green_large_02_wind.rmdl
mdl/foliage/plant_tropical_ground_leafy_01_wind.rmdl
mdl/foliage/plant_tropical_ground_leafy_01.rmdl
mdl/foliage/plant_tropical_ground_leafy_02_animated.rmdl
mdl/foliage/plant_tropical_small_orange_01.rmdl
mdl/foliage/plant_tropical_small_orange_02_wind.rmdl
mdl/foliage/tree_acacia_small_03_wind.rmdl
mdl/foliage/tree_acacia_small_03.rmdl
mdl/foliage/tree_bleached_athm_01/tree_bleached_athm_01.rmdl
mdl/foliage/tree_bleached_athm_01/tree_bleached_athm_02.rmdl
mdl/foliage/tree_bodhi_branch_01.rmdl
mdl/foliage/tree_bodhi_branch_02.rmdl
mdl/foliage/tree_bodhi_large_02.rmdl
mdl/foliage/tree_brush_green_large_02.rmdl
mdl/foliage/tree_brush_yellow_large_03_wind.rmdl
mdl/foliage/tree_brush_yellow_large_03.rmdl
mdl/foliage/tree_dead_gnarled_01/tree_dead_gnarled_01.rmdl
mdl/foliage/tree_dead_gnarled_01/tree_dead_gnarled_03.rmdl
mdl/foliage/tree_dead_gnarled_01/tree_dead_gnarled_04.rmdl
mdl/foliage/tree_kapok_ground_roots_01.rmdl
mdl/foliage/tree_kapok_ground_roots_02.rmdl
mdl/foliage/tree_kapok_ground_roots_03.rmdl
mdl/foliage/tree_kapok_ground_roots_04.rmdl
mdl/foliage/tree_olive_02.rmdl
mdl/foliage/tree_roots_02_light.rmdl
mdl/foliage/tree_roots_03_light.rmdl
mdl/foliage/tree_roots_04_light.rmdl
mdl/foliage/tree_stump_01.rmdl
mdl/foliage/tree_swamp_dead_moss_02.rmdl
mdl/foliage/tree_swamp_dead_moss_03.rmdl
mdl/foliage/tree_weeping_willow_01/divided_tree_roots_01.rmdl
mdl/foliage/tree_weeping_willow_01/tree_weeping_willow_01.rmdl
mdl/foliage/tropical_ivy_01.rmdl
mdl/foliage/tropical_ivy_02.rmdl
mdl/foliage/tropical_ivy_03.rmdl
mdl/foliage/tropics_bush_green_01_wind.rmdl
mdl/foliage/tropics_bush_green_02_wind.rmdl
mdl/foliage/tropics_bush_green_02.rmdl
mdl/foliage/tropics_fern_goldies_03_wind.rmdl
mdl/foliage/tropics_hanging_dead_vines_01.rmdl
mdl/foliage/tropics_hanging_dead_vines_02.rmdl
mdl/foliage/tropics_hanging_dead_vines_04.rmdl
mdl/foliage/tropics_ivy_green_01.rmdl
mdl/foliage/tropics_ivy_green_02.rmdl
mdl/foliage/tropics_ivy_green_03.rmdl
mdl/foliage/tropics_ivy_green_04.rmdl
mdl/foliage/tropics_ivy_green_05_wind.rmdl
mdl/foliage/tropics_ivy_green_05.rmdl
mdl/foliage/tropics_ivy_green_06_wind.rmdl
mdl/foliage/tropics_ivy_green_06.rmdl
mdl/foliage/tropics_leaves_spread_01.rmdl
mdl/foliage/tropics_tree_small_01_wind.rmdl
mdl/foliage/tropics_tree_small_01.rmdl
mdl/foliage/tropics_tree_small_03_wind.rmdl
mdl/foliage/tropics_tree_small_04_wind.rmdl
mdl/foliage/tropics_tree_small_04.rmdl
mdl/foliage/tube_cactus_01.rmdl
mdl/foliage/twigs_dead_brown_01/twigs_dead_brown_01.rmdl
mdl/foliage/wild_mushroom_01.rmdl
mdl/foliage/wild_mushroom_03.rmdl
mdl/foliage/wild_mushroom_05.rmdl
mdl/furniture/books_shelved.rmdl
mdl/furniture/office_chair_modern_plastic.rmdl
mdl/furniture/office_desk_accessories_clipboard.rmdl
mdl/furniture/office_desk_accessories_mug.rmdl
mdl/furniture/office_desk_accessories_pen_holder.rmdl
mdl/fx/env_moon_kb_bldng_piece_top_02.rmdl
mdl/fx/env_moon_kb_bldng_piece_top_03.rmdl
mdl/fx/env_moon_kb_updraft_bldng_cylinder_01.rmdl
mdl/fx/env_moon_kb_updraft_btm_edge_01.rmdl
mdl/fx/env_moon_kb_updraft_btm_flat_01.rmdl
mdl/fx/env_POI_foundry_laser_base_soft.rmdl
mdl/fx/env_POI_foundry_laser_beam_B.rmdl
mdl/fx/env_POI_foundry_laser_beam.rmdl
mdl/fx/env_POI_foundry_rock_01.rmdl
mdl/fx/env_POI_foundry_rock_energy.rmdl
mdl/fx/FX_moon_map_holo_z12_building_bottom.rmdl
mdl/fx/FX_moon_map_holo_z12_building_ground.rmdl
mdl/fx/FX_moon_map_holo_z12_Building_top.rmdl
mdl/fx/heat_updraft_03.rmdl
mdl/fx/moon_cloud_disc.rmdl
mdl/fx/moon_cloud_swirl.rmdl
mdl/fx/moon_terra_nozzle_01.rmdl
mdl/fx/moon_terra_nozzle_02.rmdl
mdl/fx/moon_terra_nozzle_03.rmdl
mdl/fx/moon_terra_nozzle_04.rmdl
mdl/fx/moon_terra_nozzle_05.rmdl
mdl/fx/moon_terra_nozzle_06.rmdl
mdl/fx/moon_terra_nozzle_07.rmdl
mdl/fx/moon_terra_nozzle_08.rmdl
mdl/fx/wat_rock_blue_pc_1.rmdl
mdl/fx/wind_updraft_01.rmdl
mdl/garbage/garbage_bag_plastic_a.rmdl
mdl/habitat/habitat_palm_frond_02.rmdl
mdl/hardware/paint_container_metal.rmdl
mdl/harmony_mines/mine_flag_plastic_02.rmdl
mdl/haven/haven_bamboo_tree_02.rmdl
mdl/haven/pillow_square_01.rmdl
mdl/IMC_base/cable_plugs_floor01.rmdl
mdl/IMC_base/cables_modular_med_IMC_01.rmdl
mdl/IMC_base/cables_modular_med_IMC_02.rmdl
mdl/IMC_base/cables_modular_med_IMC_03.rmdl
mdl/imc_base/cargo_container_imc_01_green_open.rmdl
mdl/imc_base/cargo_container_imc_01_red_open.rmdl
mdl/imc_base/conduit_bend_16_IMC_01.rmdl
mdl/imc_base/conduit_bend_16_IMC_02.rmdl
mdl/IMC_base/conduit_bracket_IMC_02.rmdl
mdl/IMC_base/conduit_bracket_IMC_04.rmdl
mdl/imc_base/conduit_start_IMC_01.rmdl
mdl/imc_base/conduit_start_IMC_02.rmdl
mdl/imc_base/conduit_str_08_IMC_01.rmdl
mdl/imc_base/conduit_str_08_IMC_02.rmdl
mdl/imc_base/conduit_str_16_IMC_01.rmdl
mdl/imc_base/conduit_str_16_IMC_02.rmdl
mdl/imc_base/conduit_str_32_IMC_01.rmdl
mdl/imc_base/conduit_str_32_IMC_02.rmdl
mdl/imc_base/conduit_str_64_IMC_01.rmdl
mdl/imc_base/conduit_str_64_IMC_02.rmdl
mdl/IMC_base/control_desk_IMC_01.rmdl
mdl/IMC_base/control_desk_IMC_02.rmdl
mdl/imc_base/garage_support_wall_IMC_02.rmdl
mdl/imc_base/imc_antenna_02.rmdl
mdl/imc_base/imc_antenna_03.rmdl
mdl/imc_base/imc_antenna_large.rmdl
mdl/imc_base/imc_fan_large_01_animated.rmdl
mdl/IMC_base/imc_fan_large_01.rmdl
mdl/imc_base/imc_fan_large_02.rmdl
mdl/imc_base/imc_fan_large_case_01_short.rmdl
mdl/IMC_base/imc_pipe_med_256.rmdl
mdl/IMC_base/imc_pipe_med_ring_02.rmdl
mdl/imc_base/imc_portable_ext_wallrun_vent_128_01_gold.rmdl
mdl/imc_base/imc_portable_ext_wallrun_vent_128_01.rmdl
mdl/imc_base/imc_portable_ext_wallrun_vent_64_01.rmdl
mdl/imc_base/imc_portable_int_floor_128x128_02.rmdl
mdl/imc_base/imc_portable_int_wall_pipe_128_01.rmdl
mdl/imc_base/imc_portable_int_wall_pipe_16_01.rmdl
mdl/imc_base/imc_portable_int_wall_pipe_256_01.rmdl
mdl/imc_base/imc_portable_int_wall_pipe_32_01.rmdl
mdl/imc_base/imc_portable_int_wall_pipe_32_valve_01.rmdl
mdl/imc_base/imc_portable_int_wall_pipe_64_01.rmdl
mdl/imc_base/imc_portable_int_wall_pipe_64_02.rmdl
mdl/imc_base/imc_portable_int_wall_pipe_8_01.rmdl
mdl/imc_base/imc_portable_int_wall_pipe_corner_01.rmdl
mdl/imc_base/imc_portable_int_wall_pipe_corner_45_01.rmdl
mdl/imc_base/imc_portable_int_wall_pipe_tjunction_01.rmdl
mdl/imc_base/imc_tech_panel_64_01.rmdl
mdl/imc_base/imc_tech_panelsquare_48_05.rmdl
mdl/imc_base/imc_tech_smallfan_32_06.rmdl
mdl/imc_base/imc_tech_smallpanel_48_03.rmdl
mdl/imc_base/imc_tech_tallpanel_48_02.rmdl
mdl/IMC_base/ladder_modular_16_IMC.rmdl
mdl/IMC_base/ladder_modular_32_IMC.rmdl
mdl/IMC_base/ladder_modular_64_IMC.rmdl
mdl/IMC_base/ladder_modular_cap_IMC.rmdl
mdl/imc_base/light_wall_IMC_01_on.rmdl
mdl/imc_base/light_wall_IMC_02_on_blue.rmdl
mdl/imc_base/light_wall_IMC_02.rmdl
mdl/imc_base/monitor_arm_01_oldsand.rmdl
mdl/imc_base/monitor_command_imc_01.rmdl
mdl/imc_base/monitor_command_small_imc_01.rmdl
mdl/imc_base/monitor_hood_imc_01.rmdl
mdl/imc_base/monitor_hood_imc_02.rmdl
mdl/imc_base/monitor_hood_imc_03.rmdl
mdl/IMC_base/monitor_imc_02.rmdl
mdl/imc_base/siren_wall_IMC_01.rmdl
mdl/IMC_base/thumper_generator_set_b.rmdl
mdl/imc_interior/imc_int_fusebox_01.rmdl
mdl/imc_interior/imc_int_trashbin_01.rmdl
mdl/imc_interior/wrapped_pipe_256.rmdl
mdl/imc_interior/wrapped_pipe_64.rmdl
mdl/imc_interior/wrapped_pipe_bent.rmdl
mdl/industrial/air_unit_badlands_01.rmdl
mdl/industrial/air_unit_badlands_02_short.rmdl
mdl/industrial/bottle_wine.rmdl
mdl/industrial/cafe_coffe_machine.rmdl
mdl/industrial/electrical_box_green.rmdl
mdl/industrial/exit_sign_03.rmdl
mdl/industrial/fan_blade_alpha_metal_01.rmdl
mdl/industrial/fan_mounted.rmdl
mdl/industrial/glass_white_board_wall.rmdl
mdl/industrial/glass_white_board.rmdl
mdl/industrial/grain_sacks_stacked.rmdl
mdl/industrial/hammer_metal_02.rmdl
mdl/industrial/hazmat_suit_hanging_white.rmdl
mdl/industrial/lab_beaker_01.rmdl
mdl/industrial/lab_beaker_02.rmdl
mdl/industrial/landing_mat_metal_01.rmdl
mdl/industrial/landing_mat_metal_02_large.rmdl
mdl/industrial/landing_mat_metal_02.rmdl
mdl/industrial/landing_mat_metal_03_large.rmdl
mdl/industrial/landing_mat_metal_03.rmdl
mdl/industrial/landing_mat_metal.rmdl
mdl/industrial/metal_vent_01.rmdl
mdl/industrial/modular_railing_trim_a.rmdl
mdl/industrial/modular_railing_trim_C.rmdl
mdl/industrial/modular_railing_trim_D.rmdl
mdl/industrial/modular_railing_trim_long.rmdl
mdl/industrial/modular_railing_trim_mid.rmdl
mdl/industrial/modular_railing_trim_short.rmdl
mdl/industrial/security_fence_post.rmdl
mdl/industrial/service_ground_door.rmdl
mdl/industrial/tool_chest_double.rmdl
mdl/industrial/tool_chest.rmdl
mdl/industrial/traffic_barrel_01.rmdl
mdl/industrial/traffic_cone_01.rmdl
mdl/industrial/traffic_tube_01.rmdl
mdl/industrial/traffic_tube_03.rmdl
mdl/industrial/tripod_cone_v1_high_on.rmdl
mdl/industrial/tripod_cone_v1_high.rmdl
mdl/industrial/underbelly_scaffold_32x128_a.rmdl
mdl/industrial/UTG_spire.rmdl
mdl/industrial/vending_machine_02.rmdl
mdl/industrial/vending_machine_04.rmdl
mdl/industrial/work_cart_plastic.rmdl
mdl/industrial/workshop_gloves.rmdl
mdl/industrial/wrenches_pipeWrench01.rmdl
mdl/kodai_live_fire/live_fire_greyframe_corner.rmdl
mdl/kodai_live_fire/live_fire_yellframe_2way.rmdl
mdl/kodai_live_fire/live_fire_yellframe_corner.rmdl
mdl/kodai_live_fire/live_fire_yellframe_half_b1.rmdl
mdl/kodai_live_fire/live_fire_yellframe_half_b2.rmdl
mdl/kodai_live_fire/live_fire_yellframe.rmdl
mdl/kodai/kodai_projector_floor_02.rmdl
mdl/kodai/white_board_postits_01.rmdl
mdl/kodai/white_board_postits_02.rmdl
mdl/lamps/halogen_light_ceiling_blueish.rmdl
mdl/lamps/industrial_construction_lights.rmdl
mdl/lamps/industrial_wall_light_02_on_blue.rmdl
mdl/lamps/industrial_wall_light_02_on.rmdl
mdl/lamps/industrial_wall_light_on_blue.rmdl
mdl/lamps/industrial_wall_light_on.rmdl
mdl/lamps/industrial_wall_light.rmdl
mdl/lamps/light_florescenet_modern.rmdl
mdl/lamps/light_panel_building_blue_64_half.rmdl
mdl/lamps/light_parking_post.rmdl
mdl/lamps/office_desk_lamp_off.rmdl
mdl/lamps/office_desk_lamp.rmdl
mdl/lamps/runway_light_2ft_blue_on.rmdl
mdl/lamps/security_light_01_on.rmdl
mdl/lamps/warning_light_ON_red_small.rmdl
mdl/lamps/warning_light_ON_red.rmdl
mdl/levels_terrain/mp_homestead/homestead_covered_material.rmdl
mdl/levels_terrain/mp_rr_canyonlands/canyonland_pipe_ring.rmdl
mdl/levels_terrain/mp_rr_canyonlands/canyonlands_frame_half_01.rmdl
mdl/levels_terrain/mp_rr_canyonlands/canyonlands_frame_stairs_02.rmdl
mdl/levels_terrain/mp_rr_canyonlands/military_bridge_cable_stopper_01.rmdl
mdl/levels_terrain/mp_rr_canyonlands/rig_frame_wall_med_01.rmdl
mdl/levels_terrain/mp_rr_canyonlands/rig_frame_wall_sml_01.rmdl
mdl/levels_terrain/mp_rr_canyonlands/waterfall_canyonlands_06.rmdl
mdl/levels_terrain/mp_rr_canyonlands/waterfall_canyonlands_07.rmdl
mdl/levels_terrain/mp_rr_desertlands/desertlands_z12_mid_platform_01.rmdl
mdl/levels_terrain/mp_rr_desertlands/dlands_hammond_vents_02.rmdl
mdl/levels_terrain/mp_rr_divided_lookdev/divided_barren_rock_01.rmdl
mdl/levels_terrain/mp_rr_divided_lookdev/divided_cloud_flower_01.rmdl
mdl/levels_terrain/mp_rr_divided_lookdev/divided_garlic_flower_01_group1.rmdl
mdl/levels_terrain/mp_rr_divided_lookdev/divided_garlic_flower_01.rmdl
mdl/levels_terrain/mp_rr_divided_lookdev/divided_garlic_flower_02.rmdl
mdl/levels_terrain/mp_rr_divided_lookdev/divided_garlic_flower_03.rmdl
mdl/levels_terrain/mp_rr_divided_lookdev/divided_gerbera_red_bunch_01.rmdl
mdl/levels_terrain/mp_rr_divided_lookdev/divided_lookdev_shrub_01.rmdl
mdl/levels_terrain/mp_rr_divided_lookdev/divided_wetlands_lookdev_seaweed_01.rmdl
mdl/levels_terrain/mp_rr_divided_lookdev/treemed_burl_02.rmdl
mdl/levels_terrain/mp_rr_divided_lookdev/wilds_veg_mossclumphang_01.rmdl
mdl/levels_terrain/mp_rr_divided_lookdev/wilds_veg_mossclumphang_02.rmdl
mdl/levels_terrain/mp_rr_divided_lookdev/wilds_veg_mossclumphang_03.rmdl
mdl/levels_terrain/mp_rr_divided_lookdev/wilds_veg_mosspatch_01.rmdl
mdl/levels_terrain/mp_rr_divided_lookdev/wilds_veg_mosspatch_02.rmdl
mdl/levels_terrain/mp_rr_divided_lookdev/wilds_veg_mosspatch_03_large.rmdl
mdl/levels_terrain/mp_rr_divided_lookdev/wilds_veg_mosspatch_03.rmdl
mdl/levels_terrain/mp_rr_divided_lookdev/wilds_veg_treefallenlarge_01.rmdl
mdl/levels_terrain/mp_rr_divided_lookdev/wilds_veg_treelogmossy_01.rmdl
mdl/levels_terrain/mp_rr_divided_lookdev/wilds_veg_treelogmossy_02_short.rmdl
mdl/levels_terrain/mp_rr_divided_lookdev/Wilds_Veg_TreeStumpMossy_01.rmdl
mdl/levels_terrain/mp_rr_divided_moon/divide_promenade_godray_room1.rmdl
mdl/levels_terrain/mp_rr_divided_moon/divide_promenade_godray_room2.rmdl
mdl/levels_terrain/mp_rr_divided_moon/divide_promenade_godray_room3.rmdl
mdl/levels_terrain/mp_rr_divided_moon/divided_decal_blacksand_edge_01.rmdl
mdl/levels_terrain/mp_rr_divided_moon/divided_fortified_camp_godray_01.rmdl
mdl/levels_terrain/mp_rr_divided_moon/divided_moon_light_fixture_godray_warm_01.rmdl
mdl/levels_terrain/mp_rr_divided_moon/divided_moon_light_fixture_godray_warm_02.rmdl
mdl/levels_terrain/mp_rr_divided_moon/divided_moon_lunar_habitat_airlock_atmosphere_01.rmdl
mdl/levels_terrain/mp_rr_divided_moon/divided_moon_lunar_habitat_ladder_atmosphere_01.rmdl
mdl/levels_terrain/mp_rr_divided_moon/divided_moon_lunar_habitat_sleeping_godray_01.rmdl
mdl/levels_terrain/mp_rr_divided_moon/divided_moon_poi_stasis_net_godray_01.rmdl
mdl/levels_terrain/mp_rr_divided_moon/divided_moon_poi_terraformer_godray_01.rmdl
mdl/levels_terrain/mp_rr_divided_moon/divided_moon_poi_terraformer_lookoutbase_l_godray_01.rmdl
mdl/levels_terrain/mp_rr_divided_moon/divided_moon_poi_terraformer_lookoutbase_s_godray_01.rmdl
mdl/levels_terrain/mp_rr_divided_moon/divided_moon_productionyard_godray_interior.rmdl
mdl/levels_terrain/mp_rr_divided_moon/divided_moon_terrain_breakdown_zone_11_decals_vert_lit.rmdl
mdl/levels_terrain/mp_rr_divided_moon/divided_moon_terrain_breakdown_zone_14_water.rmdl
mdl/levels_terrain/mp_rr_divided_moon/divided_moon_vertical_graveyard_column.rmdl
mdl/levels_terrain/mp_rr_divided_moon/divided_moon_zone01_godray.rmdl
mdl/levels_terrain/mp_rr_divided_moon/divided_moon_zone02_godray.rmdl
mdl/levels_terrain/mp_rr_divided_moon/divided_moon_zone03_godray.rmdl
mdl/levels_terrain/mp_rr_divided_moon/divided_moon_zone04_godray.rmdl
mdl/levels_terrain/mp_rr_divided_moon/divided_moon_zone05_godray.rmdl
mdl/levels_terrain/mp_rr_divided_moon/divided_moon_zone06_godray.rmdl
mdl/levels_terrain/mp_rr_divided_moon/divided_moon_zone07_godray.rmdl
mdl/levels_terrain/mp_rr_divided_moon/divided_moon_zone08_godray.rmdl
mdl/levels_terrain/mp_rr_divided_moon/divided_moon_zone09_godray.rmdl
mdl/levels_terrain/mp_rr_divided_moon/divided_moon_zone10_godray.rmdl
mdl/levels_terrain/mp_rr_divided_moon/divided_moon_zone11_godray.rmdl
mdl/levels_terrain/mp_rr_divided_moon/divided_moon_zone12_godray.rmdl
mdl/levels_terrain/mp_rr_divided_moon/divided_moon_zone13_godray.rmdl
mdl/levels_terrain/mp_rr_divided_moon/divided_moon_zone14_godray.rmdl
mdl/levels_terrain/mp_rr_divided_moon/divided_moon_zone15_godray.rmdl
mdl/levels_terrain/mp_rr_divided_moon/divided_moon_zone16_godray.rmdl
mdl/levels_terrain/mp_rr_divided_moon/divided_sand_pile_01.rmdl
mdl/levels_terrain/mp_rr_divided_moon/divided_sand_pile_02.rmdl
mdl/levels_terrain/mp_rr_divided_moon/divided_terraformer_connector_01.rmdl
mdl/levels_terrain/mp_rr_divided_moon/divided_terraformer_connector_02.rmdl
mdl/levels_terrain/mp_rr_divided_moon/divided_victory_platform.rmdl
mdl/levels_terrain/mp_rr_divided_moon/flower_top_rock_cliffbase_03.rmdl
mdl/levels_terrain/mp_rr_divided_moon/flower_top_rock_cliffbase_04.rmdl
mdl/levels_terrain/mp_rr_divided_moon/flower_top_rock_ledge_01.rmdl
mdl/levels_terrain/mp_rr_divided_moon/flower_top_rock_ledge_02.rmdl
mdl/levels_terrain/mp_rr_divided_moon/kinetic_battery_godray.rmdl
mdl/levels_terrain/mp_rr_divided_moon/meadows_grass_mound_01.rmdl
mdl/levels_terrain/mp_rr_divided_moon/waterfall_dividedMoon_LowGrav_01.rmdl
mdl/levels_terrain/mp_rr_skygarden/skygarden_light_128x128x242_art_installation_01.rmdl
mdl/levels_terrain/mp_rr_skygarden/skygarden_light_post_01.rmdl
mdl/levels_terrain/mp_rr_tropic/tropics_metal_cap_01.rmdl
mdl/levels_terrain/mp_rr_tropic/tropics_section_04_connector_03.rmdl
mdl/levels_terrain/mp_stasis/smallrock02.rmdl
mdl/lights/modern_fluorescent_wall_lights_01_blue.rmdl
mdl/lights/modern_fluorescent_wall_lights_01_warm.rmdl
mdl/lights/tropics_IMC_light_03.rmdl
mdl/mcor/mcor_light_02_off.rmdl
mdl/mendoko/mendoko_cabinet_07.rmdl
mdl/mendoko/mendoko_handscanner_01.rmdl
mdl/mendoko/mendoko_monitor_04.rmdl
mdl/mendoko/mendoko_research_centrifuge.rmdl
mdl/mendoko/mendoko_research_equipment_01.rmdl
mdl/mendoko/mendoko_research_equipment_02.rmdl
mdl/mendoko/mendoko_research_equipment_03.rmdl
mdl/mendoko/mendoko_research_microscope.rmdl
mdl/mendoko/mendoko_research_storage.rmdl
mdl/mendoko/mendoko_rubber_floor_01.rmdl
mdl/mendoko/mendoko_rubber_floor_04.rmdl
mdl/mendoko/mendoko_support_small.rmdl
mdl/mendoko/mendoko_tech_panel_01.rmdl
mdl/mendoko/mendoko_trim_floor_01.rmdl
mdl/mendoko/mendoko_trim_floor_03.rmdl
mdl/mendoko/mendoko_utility_panel_01.rmdl
mdl/mendoko/mendoko_wire_cluster_01.rmdl
mdl/mendoko/mendoko_wire_ground_coils_02.rmdl
mdl/mendoko/mendoko_wire_ground_coils_03.rmdl
mdl/ola/sewer_grate_01_16.rmdl
mdl/ola/sewer_grate_01_32.rmdl
mdl/ola/sewer_grate_02.rmdl
mdl/ola/sewer_grate_clamp_01_128.rmdl
mdl/ola/sewer_grate_clamp_01_256.rmdl
mdl/ola/sewer_grate_corner_01.rmdl
mdl/ola/sewer_railing_01_32.rmdl
mdl/ola/sewer_railing_01_64_cover.rmdl
mdl/ola/sewer_railing_01_64.rmdl
mdl/ola/sewer_railing_01_corner_angle_cover.rmdl
mdl/ola/sewer_railing_01_corner_angle_in.rmdl
mdl/ola/sewer_railing_01_corner_angle_out.rmdl
mdl/ola/sewer_railing_01_corner_in.rmdl
mdl/ola/sewer_railing_01_corner_out.rmdl
mdl/ola/sewer_railing_01_stairend.rmdl
mdl/ola/sewer_stair_railing_01_inv.rmdl
mdl/ola/sewer_stair_railing_01.rmdl
mdl/ola/sewer_stair_railingsmall_01_inv.rmdl
mdl/ola/sewer_stair_railingsmall_01.rmdl
mdl/ola/sewer_staircase_01.rmdl
mdl/ola/sewer_staircase_02.rmdl
mdl/ola/sewer_staircase_48_quad.rmdl
mdl/ola/sewer_staircase_96_double.rmdl
mdl/ola/sewer_staircase_96_end_01.rmdl
mdl/ola/sewer_staircase_96_quad.rmdl
mdl/ola/sewer_staircase_double.rmdl
mdl/ola/sewer_staircase_end_01.rmdl
mdl/ola/sewer_staircase_end_02.rmdl
mdl/ola/sewer_staircase_short_double.rmdl
mdl/ola/sewer_staircase_short_quad.rmdl
mdl/ola/sewer_staircase_single.rmdl
mdl/ola/sewer_wires_01.rmdl
mdl/ola/sewer_wires_02.rmdl
mdl/olympus/flexscreen_frame_olympus.rmdl
mdl/olympus/gardens_trash_01.rmdl
mdl/olympus/olympus_battery_01.rmdl
mdl/olympus/olympus_battery_bldg_ext_05_rack.rmdl
mdl/olympus/olympus_battery_box_01.rmdl
mdl/olympus/olympus_can_light_short.rmdl
mdl/olympus/olympus_connector_end_01.rmdl
mdl/olympus/olympus_connector_rotator_256_01.rmdl
mdl/olympus/olympus_elevator_panel_01.rmdl
mdl/olympus/olympus_farm_building_pipe_cage_01.rmdl
mdl/olympus/olympus_farm_pipe_128_01.rmdl
mdl/olympus/olympus_farm_pipe_256_01.rmdl
mdl/olympus/olympus_farm_pipe_90_01.rmdl
mdl/olympus/olympus_farm_pipe_90_02.rmdl
mdl/olympus/olympus_farm_pipe_connector_01.rmdl
mdl/olympus/olympus_farms_crate_01.rmdl
mdl/olympus/olympus_farms_crate_02.rmdl
mdl/olympus/olympus_farms_gauge_01.rmdl
mdl/olympus/olympus_farms_generator_base_01.rmdl
mdl/olympus/olympus_farms_ground_leaves_01.rmdl
mdl/olympus/olympus_farms_ground_leaves_02.rmdl
mdl/olympus/olympus_farms_ground_leaves_03.rmdl
mdl/olympus/olympus_farms_lettuce_picked_01_purple.rmdl
mdl/olympus/olympus_farms_lettuce_picked_01.rmdl
mdl/olympus/olympus_farms_plant_group_01_wind.rmdl
mdl/olympus/olympus_farms_plant_picked_02.rmdl
mdl/olympus/olympus_farms_plant_picked_crate_01.rmdl
mdl/olympus/olympus_farms_plant_picked_crate_02.rmdl
mdl/olympus/olympus_farms_planter_256_01.rmdl
mdl/olympus/olympus_farms_planter_256_02.rmdl
mdl/olympus/olympus_farms_wall_mechanical_box_01.rmdl
mdl/olympus/olympus_farms_water_irrigation_tank_filter_01.rmdl
mdl/olympus/olympus_farms_water_irrigation_tank_filter_02.rmdl
mdl/olympus/olympus_highrise_decor_01.rmdl
mdl/olympus/olympus_highrise_support_01.rmdl
mdl/olympus/olympus_house_dining_table.rmdl
mdl/olympus/olympus_house_furniture_01.rmdl
mdl/olympus/olympus_house_light_01.rmdl
mdl/olympus/olympus_house_shower.rmdl
mdl/olympus/olympus_house_toilet.rmdl
mdl/olympus/olympus_kitchen_counter_01.rmdl
mdl/olympus/olympus_kitchen_counter_02.rmdl
mdl/olympus/olympus_kitchen_counter_03.rmdl
mdl/olympus/olympus_kitchen_oven.rmdl
mdl/olympus/olympus_kitchen_sink.rmdl
mdl/olympus/olympus_ll_tt_prop_magazine_rack_01.rmdl
mdl/olympus/olympus_painting_01.rmdl
mdl/olympus/olympus_painting_03.rmdl
mdl/olympus/olympus_painting_04.rmdl
mdl/olympus/olympus_pipe_cluster_256.rmdl
mdl/outpost207/gondola_wires_01.rmdl
mdl/outpost207/oxygen_mask_01.rmdl
mdl/outpost207/oxygen_mask_rack_01.rmdl
mdl/pipes/airduct_l_80.rmdl
mdl/pipes/airduct_l_turn_vert.rmdl
mdl/pipes/airduct_l_vent.rmdl
mdl/pipes/airduct_m_48.rmdl
mdl/pipes/airduct_m_80.rmdl
mdl/pipes/airduct_m_turn_vert.rmdl
mdl/pipes/hollow_pipe_modular_painted_red_256.rmdl
mdl/pipes/hollow_pipe_modular_painted_red_32.rmdl
mdl/pipes/pipe_large_128_01.rmdl
mdl/pipes/pipe_large_512_01_red.rmdl
mdl/pipes/pipe_large_angle_01.rmdl
mdl/pipes/pipe_medium_256_01_red.rmdl
mdl/pipes/pipe_modular_painted_blue_128.rmdl
mdl/pipes/pipe_modular_painted_blue_256.rmdl
mdl/pipes/pipe_modular_painted_blue_32_valve.rmdl
mdl/pipes/pipe_modular_painted_blue_45_angle.rmdl
mdl/pipes/pipe_modular_painted_blue_64.rmdl
mdl/pipes/pipe_modular_painted_blue_corner.rmdl
mdl/pipes/pipe_modular_painted_grey_128.rmdl
mdl/pipes/pipe_modular_painted_grey_16.rmdl
mdl/pipes/pipe_modular_painted_grey_256.rmdl
mdl/pipes/pipe_modular_painted_grey_32_03.rmdl
mdl/pipes/pipe_modular_painted_grey_32_04.rmdl
mdl/pipes/pipe_modular_painted_grey_32_valve.rmdl
mdl/pipes/pipe_modular_painted_grey_32.rmdl
mdl/pipes/pipe_modular_painted_grey_64.rmdl
mdl/pipes/pipe_modular_painted_grey_8.rmdl
mdl/pipes/pipe_modular_painted_grey_corner.rmdl
mdl/pipes/pipe_modular_painted_red_02_128.rmdl
mdl/pipes/pipe_modular_painted_red_02_256.rmdl
mdl/pipes/pipe_modular_painted_red_02_32.rmdl
mdl/pipes/pipe_modular_painted_red_02_64.rmdl
mdl/pipes/pipe_modular_painted_red_02_8.rmdl
mdl/pipes/pipe_modular_painted_red_02_corner.rmdl
mdl/pipes/pipe_modular_painted_red_128.rmdl
mdl/pipes/pipe_modular_painted_red_16.rmdl
mdl/pipes/pipe_modular_painted_red_256.rmdl
mdl/pipes/pipe_modular_painted_red_32_02.rmdl
mdl/pipes/pipe_modular_painted_red_32_valve.rmdl
mdl/pipes/pipe_modular_painted_red_32.rmdl
mdl/pipes/pipe_modular_painted_red_45_angle.rmdl
mdl/pipes/pipe_modular_painted_red_64.rmdl
mdl/pipes/pipe_modular_painted_red_8.rmdl
mdl/pipes/pipe_modular_painted_red_corner.rmdl
mdl/pipes/pipe_modular_painted_red_thin_16_tjunk.rmdl
mdl/pipes/pipe_modular_painted_white_128.rmdl
mdl/pipes/pipe_modular_painted_white_64.rmdl
mdl/pipes/pipe_modular_painted_white_8.rmdl
mdl/pipes/pipe_modular_painted_yellow_128.rmdl
mdl/pipes/pipe_modular_painted_yellow_16.rmdl
mdl/pipes/pipe_modular_painted_yellow_256.rmdl
mdl/pipes/pipe_modular_painted_yellow_32_02.rmdl
mdl/pipes/pipe_modular_painted_yellow_32_valve.rmdl
mdl/pipes/pipe_modular_painted_yellow_32.rmdl
mdl/pipes/pipe_modular_painted_yellow_64.rmdl
mdl/pipes/pipe_modular_painted_yellow_8.rmdl
mdl/pipes/pipe_modular_painted_yellow_corner.rmdl
mdl/pipes/slum_pipe_large_blue_128_01.rmdl
mdl/pipes/slum_pipe_large_blue_256_01.rmdl
mdl/pipes/slum_pipe_large_blue_512_01.rmdl
mdl/pipes/slum_pipe_large_blue_angle_01.rmdl
mdl/pipes/slum_pipe_large_bracket_01.rmdl
mdl/pipes/slum_pipe_large_red_64_01.rmdl
mdl/pipes/slum_pipe_large_red_angle_01.rmdl
mdl/pipes/slum_pipe_large_yellow_128_01.rmdl
mdl/pipes/slum_pipe_large_yellow_256_01.rmdl
mdl/pipes/slum_pipe_large_yellow_256_02.rmdl
mdl/pipes/slum_pipe_large_yellow_256_angle_01.rmdl
mdl/pipes/slum_pipe_large_yellow_32_01.rmdl
mdl/pipes/slum_pipe_large_yellow_512_01.rmdl
mdl/pipes/slum_pipe_large_yellow_64_01.rmdl
mdl/pipes/slum_pipe_large_yellow_angle_01.rmdl
mdl/pipes/slum_pipe_large_yellow_angle45_01.rmdl
mdl/playback/playback_staircase_96_base_double_01_a.rmdl
mdl/props/sewer_railing_01_128_cover_addon_01/sewer_railing_01_128_cover_addon_01.rmdl
mdl/props/zip_rail/zip_rail_building_claw_01.rmdl
mdl/props/zip_rail/zip_rail_building_claw_02.rmdl
mdl/props/zip_rail/zip_rail_cord_end_01.rmdl
mdl/props/zip_rail/zip_rail_ground_base_01.rmdl
mdl/props/zip_rail/zip_rail_ground_claw_01.rmdl
mdl/props/zip_rail/zip_rail_ground_post_01.rmdl
mdl/props/zip_rail/zip_rail_ground_post_top_01.rmdl
mdl/props/zip_rail/zip_rail_jump_pad_01.rmdl
mdl/props/zip_rail/zip_rail_wall_01.rmdl
mdl/props/zipline_balloon/zipline_balloon_base.rmdl
mdl/props/zipline_balloon/zipline_balloon.rmdl
mdl/relic/relic_yellow_wire_128_01.rmdl
mdl/relic/relic_yellow_wire_128_02.rmdl
mdl/rocks/divided_rock_arch_01.rmdl
mdl/rocks/divided_rock_bouldersmooth_01.rmdl
mdl/rocks/divided_rock_broken_01.rmdl
mdl/rocks/divided_rock_cliff_overhang_01.rmdl
mdl/rocks/divided_rock_cliffbase_01_b.rmdl
mdl/rocks/divided_rock_cliffbase_02.rmdl
mdl/rocks/divided_rock_cliffbase_03.rmdl
mdl/rocks/divided_rock_cliffbroken_02.rmdl
mdl/rocks/divided_rock_cliffbroken_03_half.rmdl
mdl/rocks/divided_rock_cliffbroken_03.rmdl
mdl/rocks/divided_rock_cliffbroken_04.rmdl
mdl/rocks/divided_rock_cliffs_01.rmdl
mdl/rocks/divided_rock_cliffs_02_half.rmdl
mdl/rocks/divided_rock_cliffs_02.rmdl
mdl/rocks/divided_rock_cliffs_half_01.rmdl
mdl/rocks/divided_rock_ledge_01.rmdl
mdl/rocks/divided_rock_pittedpillar_01.rmdl
mdl/rocks/divided_rocks_eroded_cluster_01.rmdl
mdl/rocks/divided_rocks_eroded_cluster_03.rmdl
mdl/rocks/divided_rocks_eroded_line_02.rmdl
mdl/rocks/divided_rocks_eroded_small_01.rmdl
mdl/rocks/divided_rocks_eroded_small_02.rmdl
mdl/rocks/divided_rocks_eroded_small_03.rmdl
mdl/rocks/divided_rocks_slab_01.rmdl
mdl/rocks/icelandic_moss_rock_01.rmdl
mdl/rocks/rock_lava_cluster_desertlands_01.rmdl
mdl/rocks/rock_lava_cluster_desertlands_02.rmdl
mdl/rocks/rock_lava_cluster_desertlands_03.rmdl
mdl/rocks/rock_lava_small_moss_desertlands_03.rmdl
mdl/rocks/rock_windswept_blacksands.rmdl
mdl/rubble/rubble_pile_flat_corner.rmdl
mdl/rubble/rubble_pile_flat.rmdl
mdl/runoff/light_wall_IMC_01_red.rmdl
mdl/s2s/s2s_wall_light_01.rmdl
mdl/signs/rampart_tt_poster_seer_01.rmdl
mdl/signs/runoff_signs/pump_distance_sign.rmdl
mdl/signs/runoff_signs/recycle_sign.rmdl
mdl/signs/sign_caution_chemical.rmdl
mdl/signs/sign_caution_pump_warning.rmdl
mdl/signs/sign_caution_red_light_01.rmdl
mdl/signs/sign_caution_walkway_01.rmdl
mdl/signs/sign_imc_arrow_01.rmdl
mdl/signs/sign_imc_caution_01.rmdl
mdl/signs/sign_imc_caution_stripe_01.rmdl
mdl/signs/sign_imc_hazard_01.rmdl
mdl/signs/sign_imc_number_01.rmdl
mdl/signs/sign_imc_number_02.rmdl
mdl/signs/sign_imc_respirator_01.rmdl
mdl/signs/sign_imc_warning_electrical_02.rmdl
mdl/signs/sign_imc_warning_storm_02.rmdl
mdl/signs/sign_imc_watch_step_01.rmdl
mdl/signs/sign_service_shaft_01.rmdl
mdl/signs/sign_service_shaft_02.rmdl
mdl/signs/signage_plates_metal/sign_plate_c.rmdl
mdl/signs/signage_plates_metal/sign_post_plate_c.rmdl
mdl/signs/street_sign_arrow.rmdl
mdl/slum_city/slumcity_grow_room_rack_32x16_01.rmdl
mdl/slum_city/slumcity_grow_room_rack_32x16_end_01.rmdl
mdl/slum_city/slumcity_grow_room_rack_32x16_end_02.rmdl
mdl/slum_city/slumcity_grow_room_rack_lift_bottom_32_01.rmdl
mdl/slum_city/slumcity_grow_room_rack_lift_bottom_end_01.rmdl
mdl/slum_city/slumcity_grow_room_rack_lift_bottom_end_02.rmdl
mdl/slum_city/slumcity_grow_room_rack_lift_motor_01.rmdl
mdl/slum_city/slumcity_grow_room_rack_lift_motor_02.rmdl
mdl/slum_city/slumcity_grow_room_rack_lift_support_32_01.rmdl
mdl/slum_city/slumcity_grow_room_rack_lift_support_32_02.rmdl
mdl/slum_city/slumcity_grow_room_rack_lift_top_32_01.rmdl
mdl/slum_city/slumcity_grow_room_rack_lift_top_end_01.rmdl
mdl/slum_city/slumcity_grow_room_rack_lift_top_end_02.rmdl
mdl/slum_city/slumcity_wireplastic_128_a.rmdl
mdl/switchback/flower_yellow_purple_large_01.rmdl
mdl/test/josh_test/farmland_crate_plastic_test_01_red.rmdl
mdl/test/josh_test/firstgen_handhold_01.rmdl
mdl/thunderdome/survival_modular_flexscreens_04.rmdl
mdl/thunderdome/survival_modular_flexscreens_frame_01.rmdl
mdl/thunderdome/thunderdome_cage_ceiling_256x128_03.rmdl
mdl/thunderdome/thunderdome_cage_ceiling_256x128_06.rmdl
mdl/thunderdome/thunderdome_cage_floor_128x64_01.rmdl
mdl/thunderdome/thunderdome_cage_frame_01.rmdl
mdl/thunderdome/thunderdome_cage_frame_03.rmdl
mdl/thunderdome/thunderdome_cage_frame_16x128_01.rmdl
mdl/thunderdome/thunderdome_cage_frame_16x32_02.rmdl
mdl/thunderdome/thunderdome_cage_frame_64x144_01.rmdl
mdl/thunderdome/thunderdome_cage_wall_256x128_02.rmdl
mdl/thunderdome/thunderdome_cage_wall_256x352_01.rmdl
mdl/thunderdome/thunderdome_pipe_set_01_a.rmdl
mdl/thunderdome/thunderdome_pipe_set_01_b.rmdl
mdl/thunderdome/thunderdome_pipe_set_02_a.rmdl
mdl/thunderdome/thunderdome_pipe_set_03_a_128.rmdl
mdl/thunderdome/thunderdome_pipe_set_03_a_32.rmdl
mdl/thunderdome/thunderdome_pipe_set_03_a_64.rmdl
mdl/thunderdome/thunderdome_pipe_set_03_a_corner.rmdl
mdl/thunderdome/thunderdome_pipe_set_bracket.rmdl
mdl/thunderdome/thunderdome_pipe_set_corner_01_a.rmdl
mdl/thunderdome/thunderdome_screen_tower_01.rmdl
mdl/thunderdome/thunderdome_screen_tower_arm_01.rmdl
mdl/thunderdome/thunderdome_stands_girder_brace_01.rmdl
mdl/timeshift/timeshift_modern_planter.rmdl
mdl/tropics/colonist_supplypouch_01.rmdl
mdl/tropics/colonist_supplypouch_02.rmdl
mdl/tropics/colonist_table_b.rmdl
mdl/tropics/colony_tarp_bedroll_01.rmdl
mdl/tropics/colony_tarp_cork_board_01.rmdl
mdl/tropics/colony_tarp_pipe_256.rmdl
mdl/tropics/colony_tarp_pipe_32.rmdl
mdl/tropics/colony_tarp_pipe_64.rmdl
mdl/tropics/colony_tarp_pipe_cap_01.rmdl
mdl/tropics/colony_tarp_pipe_curve_01.rmdl
mdl/tropics/metal_frame_ibeam_holes_128x16_01.rmdl
mdl/tropics/metal_frame_panel_ver_a_64x128_01.rmdl
mdl/tropics/metal_frame_panel_ver_b_64x128_01.rmdl
mdl/tropics/metal_frame_ver_a_64x64_01.rmdl
mdl/tropics/paper_addon_wall_01.rmdl
mdl/tropics/paper_addon_wall_02.rmdl
mdl/tropics/paper_addon_wall_03.rmdl
mdl/tropics/paper_addon_wall_04.rmdl
mdl/tropics/tropics_colony_fence_1hlfx2_02.rmdl
mdl/tropics/tropics_colony_fence_1x2_01.rmdl
mdl/tropics/tropics_colony_fence_2x2_01.rmdl
mdl/tropics/tropics_colony_fence_end_01.rmdl
mdl/tropics/tropics_colony_fence_mid_01.rmdl
mdl/tropics/tropics_colony_tarp_shovel.rmdl
mdl/tropics/tropics_crate_double_tarp_01.rmdl
mdl/tropics/tropics_crate_single_tarp_01.rmdl
mdl/tropics/tropics_shipwreck_fence_01.rmdl
mdl/tropics/tropics_shipwreck_fence_02.rmdl
mdl/tropics/tropics_shipwreck_fence_03.rmdl
mdl/tropics/tropics_shipwreck_mod_01.rmdl
mdl/tropics/tropics_shipwreck_mod_02.rmdl
mdl/tropics/tropics_shipwreck_scrap_01.rmdl
mdl/tropics/tropics_shipwreck_scrap_02.rmdl
mdl/tropics/tropics_shipwreck_scrap_03.rmdl
mdl/utilities/ceiling_vent_metal.rmdl
mdl/utilities/colony_tarp_utility_power_generator_01.rmdl
mdl/utilities/colony_tarp_vent_01.rmdl
mdl/utilities/imc_utility_box_01_door.rmdl
mdl/utilities/imc_utility_box_01_open.rmdl
mdl/utilities/imc_utility_box_01.rmdl
mdl/utilities/imc_utility_box_02.rmdl
mdl/utilities/power_cell_64_single_01.rmdl
mdl/utilities/power_cell_64.rmdl
mdl/utilities/power_gen1.rmdl
mdl/utilities/wall_Waterpipe.rmdl
mdl/utilities/wire_ceiling_mounts_corner_l.rmdl
mdl/utilities/wire_ceiling_mounts_corner.rmdl
mdl/utilities/wire_ceiling_mounts_straight.rmdl
mdl/utilities/wire_ground_coils_02.rmdl
mdl/utilities/wire_ground_coils_03.rmdl
mdl/utilities/wire_ground_coils_04.rmdl
mdl/utilities/wires_hanging_02.rmdl
mdl/utilities/wires_hanging_64.rmdl
mdl/vehicles_r5/air/widow/veh_air_widow_olympus_prk_open_static.rmdl
mdl/vehicles_r5/land_med/msc_lunar_rover_mod/lunar_rover_mod_chassis_v1.rmdl
mdl/vehicles_r5/land_med/msc_lunar_rover_mod/lunar_rover_mod_container_v1.rmdl
mdl/vehicles_r5/land_med/msc_lunar_rover_mod/lunar_rover_mod_trailer_v1.rmdl
mdl/vehicles_r5/land_med/msc_lunar_rover_mod/lunar_rover_mod_wheels_v1.rmdl
mdl/vehicles_r5/land/msc_construct_mod_set01/construct_mod_set01_cab.rmdl
mdl/vehicles_r5/land/msc_construct_mod_set01/construct_mod_set01_dozer.rmdl
mdl/vehicles_r5/land/msc_construct_mod_set01/construct_mod_set01_roller.rmdl
mdl/vehicles_r5/land/msc_construct_mod_set01/construct_mod_set01_treads.rmdl
mdl/vehicles_r5/land/msc_forklift_imc_v2/veh_land_msc_forklift_imc_v2_static.rmdl
mdl/vehicles_r5/land/msc_truck_samson_v2/veh_land_msc_truck_samson_v2.rmdl
mdl/vistas/dividedmoon_se_cliffs.rmdl
mdl/vistas/dividedmoon_se.rmdl
mdl/Weapons/grenades/arc_grenade_projectile.rmdl